{
  "matchup_info": {
    "ai_a_shortname": "mcts_4_inf_vanilla",
    "ai_a_instance": "MCTS(search_time_limit=4.0, search_steps_limit=inf, vanilla=True, ucb_c=2.0, seed: 0)",
    "ai_b_shortname": "mctsnc_1_inf_1_32_ocp_thrifty",
    "ai_b_instance": "MCTSNC(search_time_limit=1.0, search_steps_limit=inf, n_trees=1, n_playouts=32, variant='ocp_thrifty', device_memory=2.0, ucb_c=2.0, seed: 0)",
    "game_name": "C4_6x7",
    "n_games": 2
  },
  "cpu_and_system_props": {
    "cpu_name": "AMD EPYC 7H12 64-Core Processor",
    "ram_size": "62.8 GB",
    "os_name": "Linux 5.4.0-187-generic",
    "os_version": "#207-Ubuntu SMP Mon Jun 10 08:16:10 UTC 2024",
    "os_machine": "x86_64"
  },
  "gpu_props": {
    "name": "GRID A100-7-40C MIG 7g.40gb",
    "max_threads_per_block": 1024,
    "max_block_dim_x": 1024,
    "max_block_dim_y": 1024,
    "max_block_dim_z": 64,
    "max_grid_dim_x": 2147483647,
    "max_grid_dim_y": 65535,
    "max_grid_dim_z": 65535,
    "max_shared_memory_per_block": 49152,
    "async_engine_count": 7,
    "can_map_host_memory": 1,
    "multiprocessor_count": 98,
    "warp_size": 32,
    "unified_addressing": 1,
    "pci_bus_id": 2,
    "pci_device_id": 1,
    "compute_capability": [
      8,
      0
    ],
    "cores_per_SM": 64,
    "cores_total": 6272
  },
  "games_infos": {
    "1": {
      "black": "MCTS(search_time_limit=4.0, search_steps_limit=inf, vanilla=True, ucb_c=2.0, seed: 0)",
      "white": "MCTSNC(search_time_limit=1.0, search_steps_limit=inf, n_trees=1, n_playouts=32, variant='ocp_thrifty', device_memory=2.0, ucb_c=2.0, seed: 0)",
      "initial_state": "|.|.|.|.|.|.|.|\n|.|.|.|.|.|.|.|\n|.|.|.|.|.|.|.|\n|.|.|.|.|.|.|.|\n|.|.|.|.|.|.|.|\n|.|.|.|.|.|.|.|\n 0 1 2 3 4 5 6 ",
      "moves_rounds": {
        "1": {
          "black_best_action_info": {
            "index": 3,
            "name": "3",
            "n_root": 4689,
            "win_flag": false,
            "n": 1150,
            "n_wins": 701,
            "q": 0.6095652173913043,
            "ucb": 0.7810343132920154
          },
          "black_performance_info": {
            "steps": 4689,
            "steps_per_second": 1172.2040263265776,
            "playouts": 4689,
            "playouts_per_second": 1172.2040263265776,
            "times_[ms]": {
              "total": 4000.156879425049,
              "loop": 4000.0383853912354,
              "reduce_over_actions": 0.05745887756347656,
              "mean_loop": 0.853068540283906,
              "mean_select": 0.11810394054436435,
              "mean_expand": 0.11159336930476518,
              "mean_playout": 0.6177677074000383,
              "mean_backup": 0.0028412945617818965
            },
            "tree": {
              "initial_n_root": 0,
              "initial_mean_depth": 0.0,
              "initial_max_depth": 0,
              "initial_size": 1,
              "n_root": 4689,
              "mean_depth": 5.342980745795759,
              "max_depth": 7,
              "size": 32824
            }
          },
          "white_best_action_info": {
            "index": 3,
            "name": "3",
            "n_root": 29504,
            "win_flag": false,
            "n": 5984,
            "n_wins": 2231,
            "q": 0.37282754010695185,
            "ucb": 0.45577250416790255
          },
          "white_performance_info": {
            "steps": 922,
            "steps_per_second": 919.6274279599298,
            "playouts": 29504,
            "playouts_per_second": 29428.077694717755,
            "times_[ms]": {
              "total": 1002.579927444458,
              "loop": 1000.6043910980225,
              "reduce_over_trees": 0.41794776916503906,
              "reduce_over_actions": 0.3662109375,
              "mean_loop": 1.0852542202798507,
              "mean_select": 0.1036792411721451,
              "mean_expand": 0.6261381306513788,
              "mean_playout": 0.23329128670847596,
              "mean_backup": 0.11922506344809708
            },
            "trees": {
              "count": 1,
              "mean_depth": 4.524244771494965,
              "max_depth": 6,
              "mean_size": 6455.0,
              "max_size": 6455
            }
          }
        },
        "2": {
          "black_best_action_info": {
            "index": 2,
            "name": "2",
            "n_root": 5199,
            "win_flag": false,
            "n": 1215,
            "n_wins": 767,
            "q": 0.6312757201646091,
            "ucb": 0.7991108497136051
          },
          "black_performance_info": {
            "steps": 5199,
            "steps_per_second": 1299.62505106882,
            "playouts": 5199,
            "playouts_per_second": 1299.62505106882,
            "times_[ms]": {
              "total": 4000.384569168091,
              "loop": 4000.290870666504,
              "reduce_over_actions": 0.04744529724121094,
              "mean_loop": 0.769434674103963,
              "mean_select": 0.11968410893297352,
              "mean_expand": 0.1102451820468921,
              "mean_playout": 0.5340240487320466,
              "mean_backup": 0.002759216977761649
            },
            "tree": {
              "initial_n_root": 0,
              "initial_mean_depth": 0.0,
              "initial_max_depth": 0,
              "initial_size": 1,
              "n_root": 5199,
              "mean_depth": 5.388287068381855,
              "max_depth": 7,
              "size": 35448
            }
          },
          "white_best_action_info": {
            "index": 1,
            "name": "1",
            "n_root": 30112,
            "win_flag": false,
            "n": 18720,
            "n_wins": 8600,
            "q": 0.4594017094017094,
            "ucb": 0.506343842906116
          },
          "white_performance_info": {
            "steps": 941,
            "steps_per_second": 938.9424904751879,
            "playouts": 30112,
            "playouts_per_second": 30046.159695206014,
            "times_[ms]": {
              "total": 1002.1913051605225,
              "loop": 1000.6203651428223,
              "reduce_over_trees": 0.3001689910888672,
              "reduce_over_actions": 0.3147125244140625,
              "mean_loop": 1.0633585176863147,
              "mean_select": 0.10421248222132165,
              "mean_expand": 0.6190473797724173,
              "mean_playout": 0.21866125457471794,
              "mean_backup": 0.11855180154571371
            },
            "trees": {
              "count": 1,
              "mean_depth": 4.971092904622044,
              "max_depth": 7,
              "mean_size": 6469.0,
              "max_size": 6469
            }
          }
        },
        "3": {
          "black_best_action_info": {
            "index": 4,
            "name": "4",
            "n_root": 5971,
            "win_flag": false,
            "n": 1246,
            "n_wins": 717,
            "q": 0.5754414125200642,
            "ucb": 0.7425110455124445
          },
          "black_performance_info": {
            "steps": 5971,
            "steps_per_second": 1492.4989552467046,
            "playouts": 5971,
            "playouts_per_second": 1492.4989552467046,
            "times_[ms]": {
              "total": 4000.6728172302246,
              "loop": 4000.5733966827393,
              "reduce_over_actions": 0.057697296142578125,
              "mean_loop": 0.6700005688632958,
              "mean_select": 0.12101070542687688,
              "mean_expand": 0.10550395465340372,
              "mean_playout": 0.4378994232724608,
              "mean_backup": 0.002896360487739079
            },
            "tree": {
              "initial_n_root": 0,
              "initial_mean_depth": 0.0,
              "initial_max_depth": 0,
              "initial_size": 1,
              "n_root": 5971,
              "mean_depth": 5.536953397659619,
              "max_depth": 7,
              "size": 38968
            }
          },
          "white_best_action_info": {
            "index": 5,
            "name": "5",
            "n_root": 30112,
            "win_flag": false,
            "n": 27968,
            "n_wins": 16154,
            "q": 0.5775886727688787,
            "ucb": 0.6159934314887556
          },
          "white_performance_info": {
            "steps": 941,
            "steps_per_second": 939.0166557899372,
            "playouts": 30112,
            "playouts_per_second": 30048.53298527799,
            "times_[ms]": {
              "total": 1002.1121501922607,
              "loop": 1000.5223751068115,
              "reduce_over_trees": 0.3070831298828125,
              "reduce_over_actions": 0.31256675720214844,
              "mean_loop": 1.06325438374794,
              "mean_select": 0.104867183186676,
              "mean_expand": 0.6199407526841199,
              "mean_playout": 0.2174798031035696,
              "mean_backup": 0.11808687264810333
            },
            "trees": {
              "count": 1,
              "mean_depth": 5.4398507926639725,
              "max_depth": 7,
              "mean_size": 6434.0,
              "max_size": 6434
            }
          }
        },
        "4": {
          "black_best_action_info": {
            "index": 2,
            "name": "2",
            "n_root": 5268,
            "win_flag": false,
            "n": 1226,
            "n_wins": 548,
            "q": 0.4469820554649266,
            "ucb": 0.6141912372774835
          },
          "black_performance_info": {
            "steps": 5268,
            "steps_per_second": 1316.7514395827557,
            "playouts": 5268,
            "playouts_per_second": 1316.7514395827557,
            "times_[ms]": {
              "total": 4000.7550716400146,
              "loop": 4000.6606578826904,
              "reduce_over_actions": 0.049114227294921875,
              "mean_loop": 0.7594268522936011,
              "mean_select": 0.11952758831061824,
              "mean_expand": 0.1784076089649012,
              "mean_playout": 0.4559960343571622,
              "mean_backup": 0.00275901165891979
            },
            "tree": {
              "initial_n_root": 0,
              "initial_mean_depth": 0.0,
              "initial_max_depth": 0,
              "initial_size": 1,
              "n_root": 5268,
              "mean_depth": 5.420495759592048,
              "max_depth": 7,
              "size": 36671
            }
          },
          "white_best_action_info": {
            "index": 2,
            "name": "2",
            "n_root": 30368,
            "win_flag": false,
            "n": 18304,
            "n_wins": 11313,
            "q": 0.6180616258741258,
            "ucb": 0.6655536768776869
          },
          "white_performance_info": {
            "steps": 949,
            "steps_per_second": 946.7261259572759,
            "playouts": 30368,
            "playouts_per_second": 30295.23603063283,
            "times_[ms]": {
              "total": 1002.4018287658691,
              "loop": 1000.8466243743896,
              "reduce_over_trees": 0.2994537353515625,
              "reduce_over_actions": 0.3116130828857422,
              "mean_loop": 1.0546329023966172,
              "mean_select": 0.10312897387746765,
              "mean_expand": 0.6156972637920158,
              "mean_playout": 0.21556808021473056,
              "mean_backup": 0.11730646308279892
            },
            "trees": {
              "count": 1,
              "mean_depth": 4.854292623941959,
              "max_depth": 7,
              "mean_size": 6616.0,
              "max_size": 6616
            }
          }
        },
        "5": {
          "black_best_action_info": {
            "index": 4,
            "name": "4",
            "n_root": 5825,
            "win_flag": false,
            "n": 1247,
            "n_wins": 480,
            "q": 0.38492381716118684,
            "ucb": 0.5516885341158196
          },
          "black_performance_info": {
            "steps": 5825,
            "steps_per_second": 1456.2058205149983,
            "playouts": 5825,
            "playouts_per_second": 1456.2058205149983,
            "times_[ms]": {
              "total": 4000.1213550567627,
              "loop": 4000.0314712524414,
              "reduce_over_actions": 0.04863739013671875,
              "mean_loop": 0.6867006817600758,
              "mean_select": 0.12038730244779791,
              "mean_expand": 0.11150855363182756,
              "mean_playout": 0.4493348690573238,
              "mean_backup": 0.00277335040047445
            },
            "tree": {
              "initial_n_root": 0,
              "initial_mean_depth": 0.0,
              "initial_max_depth": 0,
              "initial_size": 1,
              "n_root": 5825,
              "mean_depth": 5.461583982641286,
              "max_depth": 7,
              "size": 40556
            }
          },
          "white_best_action_info": {
            "index": 4,
            "name": "4",
            "n_root": 30592,
            "win_flag": false,
            "n": 24672,
            "n_wins": 17780,
            "q": 0.7206549935149157,
            "ucb": 0.7615760006966755
          },
          "white_performance_info": {
            "steps": 956,
            "steps_per_second": 953.5351742840795,
            "playouts": 30592,
            "playouts_per_second": 30513.125577090545,
            "times_[ms]": {
              "total": 1002.5849342346191,
              "loop": 1001.0085105895996,
              "reduce_over_trees": 0.3032684326171875,
              "reduce_over_actions": 0.31185150146484375,
              "mean_loop": 1.0470800319974891,
              "mean_select": 0.10408841416426783,
              "mean_expand": 0.6133544893943116,
              "mean_playout": 0.20894695026605198,
              "mean_backup": 0.11781194718811801
            },
            "trees": {
              "count": 1,
              "mean_depth": 5.142232277526396,
              "max_depth": 7,
              "mean_size": 6630.0,
              "max_size": 6630
            }
          }
        },
        "6": {
          "black_best_action_info": {
            "index": 3,
            "name": "3",
            "n_root": 6048,
            "win_flag": false,
            "n": 1637,
            "n_wins": 521,
            "q": 0.3182651191203421,
            "ucb": 0.4641304130653547
          },
          "black_performance_info": {
            "steps": 6048,
            "steps_per_second": 1511.9352048985766,
            "playouts": 6048,
            "playouts_per_second": 1511.9352048985766,
            "times_[ms]": {
              "total": 4000.171422958374,
              "loop": 4000.0855922698975,
              "reduce_over_actions": 0.044345855712890625,
              "mean_loop": 0.6613898135366894,
              "mean_select": 0.1223748007779399,
              "mean_expand": 0.110312507896827,
              "mean_playout": 0.42324174175817497,
              "mean_backup": 0.00276353466447699
            },
            "tree": {
              "initial_n_root": 0,
              "initial_mean_depth": 0.0,
              "initial_max_depth": 0,
              "initial_size": 1,
              "n_root": 6048,
              "mean_depth": 5.49929696969697,
              "max_depth": 7,
              "size": 41250
            }
          },
          "white_best_action_info": {
            "index": 3,
            "name": "3",
            "n_root": 30304,
            "win_flag": false,
            "n": 23008,
            "n_wins": 17953,
            "q": 0.7802938108484005,
            "ucb": 0.8226493392374521
          },
          "white_performance_info": {
            "steps": 947,
            "steps_per_second": 945.2268702946952,
            "playouts": 30304,
            "playouts_per_second": 30247.259849430247,
            "times_[ms]": {
              "total": 1001.8758773803711,
              "loop": 1000.3058910369873,
              "reduce_over_trees": 0.3120899200439453,
              "reduce_over_actions": 0.31256675720214844,
              "mean_loop": 1.0562892196800289,
              "mean_select": 0.10573725514074565,
              "mean_expand": 0.6238057218106521,
              "mean_playout": 0.20487104575007115,
              "mean_backup": 0.11903935022565607
            },
            "trees": {
              "count": 1,
              "mean_depth": 5.051606775368055,
              "max_depth": 7,
              "mean_size": 6317.0,
              "max_size": 6317
            }
          }
        },
        "7": {
          "black_best_action_info": {
            "index": 1,
            "name": "1",
            "n_root": 7395,
            "win_flag": false,
            "n": 2004,
            "n_wins": 546,
            "q": 0.27245508982035926,
            "ucb": 0.40580258938076263
          },
          "black_performance_info": {
            "steps": 7395,
            "steps_per_second": 1848.6930314125275,
            "playouts": 7395,
            "playouts_per_second": 1848.6930314125275,
            "times_[ms]": {
              "total": 4000.1232624053955,
              "loop": 4000.033140182495,
              "reduce_over_actions": 0.04696846008300781,
              "mean_loop": 0.5409104990104794,
              "mean_select": 0.12478290013641502,
              "mean_expand": 0.1056914558436437,
              "mean_playout": 0.3050842504391725,
              "mean_backup": 0.0027325122722344597
            },
            "tree": {
              "initial_n_root": 0,
              "initial_mean_depth": 0.0,
              "initial_max_depth": 0,
              "initial_size": 1,
              "n_root": 7395,
              "mean_depth": 5.60422935118871,
              "max_depth": 7,
              "size": 47194
            }
          },
          "white_best_action_info": {
            "index": 5,
            "name": "5",
            "n_root": 30688,
            "win_flag": false,
            "n": 14144,
            "n_wins": 11309,
            "q": 0.7995616515837104,
            "ucb": 0.8536157005404796
          },
          "white_performance_info": {
            "steps": 959,
            "steps_per_second": 957.221941912308,
            "playouts": 30688,
            "playouts_per_second": 30631.102141193856,
            "times_[ms]": {
              "total": 1001.8575191497803,
              "loop": 1000.267744064331,
              "reduce_over_trees": 0.3058910369873047,
              "reduce_over_actions": 0.33783912658691406,
              "mean_loop": 1.043032058461242,
              "mean_select": 0.1043515110910871,
              "mean_expand": 0.6211686556978195,
              "mean_playout": 0.19590499130105823,
              "mean_backup": 0.11874836353862869
            },
            "trees": {
              "count": 1,
              "mean_depth": 4.880638332519133,
              "max_depth": 7,
              "mean_size": 6141.0,
              "max_size": 6141
            }
          }
        },
        "8": {
          "black_best_action_info": {
            "index": 6,
            "name": "6",
            "n_root": 9142,
            "win_flag": false,
            "n": 4926,
            "n_wins": 1310,
            "q": 0.26593585058871294,
            "ucb": 0.3519946567343863
          },
          "black_performance_info": {
            "steps": 9142,
            "steps_per_second": 2284.8200238717086,
            "playouts": 9142,
            "playouts_per_second": 2284.8200238717086,
            "times_[ms]": {
              "total": 4001.190423965454,
              "loop": 4001.0969638824463,
              "reduce_over_actions": 0.049591064453125,
              "mean_loop": 0.43766101114443734,
              "mean_select": 0.12123616042686901,
              "mean_expand": 0.08324120504228637,
              "mean_playout": 0.22820656003849796,
              "mean_backup": 0.0025549802861519334
            },
            "tree": {
              "initial_n_root": 0,
              "initial_mean_depth": 0.0,
              "initial_max_depth": 0,
              "initial_size": 1,
              "n_root": 9142,
              "mean_depth": 5.939304202860402,
              "max_depth": 8,
              "size": 45588
            }
          },
          "white_best_action_info": {
            "index": 2,
            "name": "2",
            "n_root": 30560,
            "win_flag": false,
            "n": 12192,
            "n_wins": 9726,
            "q": 0.797736220472441,
            "ucb": 0.8559450693954336
          },
          "white_performance_info": {
            "steps": 955,
            "steps_per_second": 953.1293295286465,
            "playouts": 30560,
            "playouts_per_second": 30500.13854491669,
            "times_[ms]": {
              "total": 1001.9626617431641,
              "loop": 1000.1418590545654,
              "reduce_over_trees": 0.3161430358886719,
              "reduce_over_actions": 0.3123283386230469,
              "mean_loop": 1.0472689623608016,
              "mean_select": 0.10541121997134224,
              "mean_expand": 0.6276008346317951,
              "mean_playout": 0.19118149243100152,
              "mean_backup": 0.12009156311993824
            },
            "trees": {
              "count": 1,
              "mean_depth": 4.83811301544205,
              "max_depth": 7,
              "mean_size": 5893.0,
              "max_size": 5893
            }
          }
        },
        "9": {
          "black_best_action_info": {
            "index": 2,
            "name": "2",
            "n_root": 9322,
            "win_flag": false,
            "n": 4469,
            "n_wins": 1195,
            "q": 0.2673976281047214,
            "ucb": 0.3578460645101298
          },
          "black_performance_info": {
            "steps": 9322,
            "steps_per_second": 2330.206939658959,
            "playouts": 9322,
            "playouts_per_second": 2330.206939658959,
            "times_[ms]": {
              "total": 4000.5030632019043,
              "loop": 4000.4115104675293,
              "reduce_over_actions": 0.04792213439941406,
              "mean_loop": 0.4291366134378384,
              "mean_select": 0.11884659765309413,
              "mean_expand": 0.08093453967706811,
              "mean_playout": 0.22440137230922827,
              "mean_backup": 0.002540096503116368
            },
            "tree": {
              "initial_n_root": 0,
              "initial_mean_depth": 0.0,
              "initial_max_depth": 0,
              "initial_size": 1,
              "n_root": 9322,
              "mean_depth": 5.933654786544454,
              "max_depth": 8,
              "size": 43967
            }
          },
          "white_best_action_info": {
            "index": 4,
            "name": "4",
            "n_root": 30784,
            "win_flag": false,
            "n": 23104,
            "n_wins": 18497,
            "q": 0.800597299168975,
            "ucb": 0.8428969130284855
          },
          "white_performance_info": {
            "steps": 962,
            "steps_per_second": 960.3601333439328,
            "playouts": 30784,
            "playouts_per_second": 30731.52426700585,
            "times_[ms]": {
              "total": 1001.7075538635254,
              "loop": 1000.1647472381592,
              "reduce_over_trees": 0.30303001403808594,
              "reduce_over_actions": 0.3120899200439453,
              "mean_loop": 1.039672294426361,
              "mean_select": 0.10538894272643662,
              "mean_expand": 0.6231168699363661,
              "mean_playout": 0.18909641709991898,
              "mean_backup": 0.11918797562375139
            },
            "trees": {
              "count": 1,
              "mean_depth": 5.072660742289598,
              "max_depth": 7,
              "mean_size": 5739.0,
              "max_size": 5739
            }
          }
        },
        "10": {
          "black_best_action_info": {
            "index": 3,
            "name": "3",
            "n_root": 10608,
            "win_flag": false,
            "n": 2424,
            "n_wins": 494,
            "q": 0.2037953795379538,
            "ucb": 0.3274722962341371
          },
          "black_performance_info": {
            "steps": 10608,
            "steps_per_second": 2651.6870553273234,
            "playouts": 10608,
            "playouts_per_second": 2651.6870553273234,
            "times_[ms]": {
              "total": 4000.472068786621,
              "loop": 4000.3833770751953,
              "reduce_over_actions": 0.0476837158203125,
              "mean_loop": 0.37711004685852145,
              "mean_select": 0.12038654871116397,
              "mean_expand": 0.08712425760553973,
              "mean_playout": 0.1645438586604721,
              "mean_backup": 0.002594600076229504
            },
            "tree": {
              "initial_n_root": 0,
              "initial_mean_depth": 0.0,
              "initial_max_depth": 0,
              "initial_size": 1,
              "n_root": 10608,
              "mean_depth": 5.790221860212552,
              "max_depth": 8,
              "size": 51564
            }
          },
          "white_best_action_info": {
            "index": 4,
            "name": "4",
            "n_root": 31264,
            "win_flag": false,
            "n": 17280,
            "n_wins": 14525,
            "q": 0.8405671296296297,
            "ucb": 0.8895149063989375
          },
          "white_performance_info": {
            "steps": 977,
            "steps_per_second": 974.7795972176034,
            "playouts": 31264,
            "playouts_per_second": 31192.94711096331,
            "times_[ms]": {
              "total": 1002.2778511047363,
              "loop": 1000.5581378936768,
              "reduce_over_trees": 0.3101825714111328,
              "reduce_over_actions": 0.3314018249511719,
              "mean_loop": 1.0241127306997715,
              "mean_select": 0.10430849440388205,
              "mean_expand": 0.6193070231098967,
              "mean_playout": 0.17925465485212624,
              "mean_backup": 0.11840301013895775
            },
            "trees": {
              "count": 1,
              "mean_depth": 4.899613899613899,
              "max_depth": 8,
              "mean_size": 4662.0,
              "max_size": 4662
            }
          }
        },
        "11": {
          "black_best_action_info": {
            "index": 4,
            "name": "4",
            "n_root": 12557,
            "win_flag": false,
            "n": 5869,
            "n_wins": 1124,
            "q": 0.1915147384562958,
            "ucb": 0.2717173850078841
          },
          "black_performance_info": {
            "steps": 12557,
            "steps_per_second": 3139.0730002487758,
            "playouts": 12557,
            "playouts_per_second": 3139.0730002487758,
            "times_[ms]": {
              "total": 4000.22554397583,
              "loop": 4000.1397132873535,
              "reduce_over_actions": 0.04696846008300781,
              "mean_loop": 0.3185585500746479,
              "mean_select": 0.10846617533787141,
              "mean_expand": 0.06089208991301423,
              "mean_playout": 0.14451061396725268,
              "mean_backup": 0.002438507329186332
            },
            "tree": {
              "initial_n_root": 0,
              "initial_mean_depth": 0.0,
              "initial_max_depth": 0,
              "initial_size": 1,
              "n_root": 12557,
              "mean_depth": 6.250086984449857,
              "max_depth": 9,
              "size": 37363
            }
          },
          "white_best_action_info": {
            "index": 5,
            "name": "5",
            "n_root": 31168,
            "win_flag": false,
            "n": 11264,
            "n_wins": 8889,
            "q": 0.7891512784090909,
            "ucb": 0.849768215567525
          },
          "white_performance_info": {
            "steps": 974,
            "steps_per_second": 972.3232464690898,
            "playouts": 31168,
            "playouts_per_second": 31114.343887010873,
            "times_[ms]": {
              "total": 1001.7244815826416,
              "loop": 1000.0429153442383,
              "reduce_over_trees": 0.3635883331298828,
              "reduce_over_actions": 0.3178119659423828,
              "mean_loop": 1.026738106102914,
              "mean_select": 0.10489389392139975,
              "mean_expand": 0.6208265586555372,
              "mean_playout": 0.1794861082668422,
              "mean_backup": 0.11866734013175573
            },
            "trees": {
              "count": 1,
              "mean_depth": 5.0248829761024885,
              "max_depth": 8,
              "mean_size": 4059.0,
              "max_size": 4059
            }
          }
        },
        "12": {
          "black_best_action_info": {
            "index": 5,
            "name": "5",
            "n_root": 13950,
            "win_flag": false,
            "n": 8066,
            "n_wins": 1616,
            "q": 0.20034713612695265,
            "ucb": 0.2691408397699616
          },
          "black_performance_info": {
            "steps": 13950,
            "steps_per_second": 3486.8802382427193,
            "playouts": 13950,
            "playouts_per_second": 3486.8802382427193,
            "times_[ms]": {
              "total": 4000.710964202881,
              "loop": 4000.627040863037,
              "reduce_over_actions": 0.04291534423828125,
              "mean_loop": 0.2867833004202894,
              "mean_select": 0.10582766652534512,
              "mean_expand": 0.05800103628507224,
              "mean_playout": 0.11819554058881643,
              "mean_backup": 0.0025202809268855706
            },
            "tree": {
              "initial_n_root": 0,
              "initial_mean_depth": 0.0,
              "initial_max_depth": 0,
              "initial_size": 1,
              "n_root": 13950,
              "mean_depth": 6.80869398172288,
              "max_depth": 10,
              "size": 36439
            }
          },
          "white_best_action_info": {
            "index": 3,
            "name": "3",
            "n_root": 31136,
            "win_flag": false,
            "n": 16064,
            "n_wins": 12199,
            "q": 0.7593999003984063,
            "ucb": 0.8101564280166642
          },
          "white_performance_info": {
            "steps": 973,
            "steps_per_second": 971.1774954636587,
            "playouts": 31136,
            "playouts_per_second": 31077.67985483708,
            "times_[ms]": {
              "total": 1001.8765926361084,
              "loop": 1000.2787113189697,
              "reduce_over_trees": 0.31447410583496094,
              "reduce_over_actions": 0.3159046173095703,
              "mean_loop": 1.0280356745313153,
              "mean_select": 0.10536459465066061,
              "mean_expand": 0.6223342401518238,
              "mean_playout": 0.17841134262477015,
              "mean_backup": 0.11909902402087816
            },
            "trees": {
              "count": 1,
              "mean_depth": 5.228915662650603,
              "max_depth": 8,
              "mean_size": 3901.0,
              "max_size": 3901
            }
          }
        },
        "13": {
          "black_best_action_info": {
            "index": 6,
            "name": "6",
            "n_root": 13239,
            "win_flag": false,
            "n": 4961,
            "n_wins": 810,
            "q": 0.1632735335617819,
            "ucb": 0.2507516837887601
          },
          "black_performance_info": {
            "steps": 13239,
            "steps_per_second": 3309.5734469750496,
            "playouts": 13239,
            "playouts_per_second": 3309.5734469750496,
            "times_[ms]": {
              "total": 4000.213384628296,
              "loop": 4000.1351833343506,
              "reduce_over_actions": 0.03790855407714844,
              "mean_loop": 0.30214783468044043,
              "mean_select": 0.09863720045356972,
              "mean_expand": 0.08241540851329368,
              "mean_playout": 0.11618660155249574,
              "mean_backup": 0.002675658311807134
            },
            "tree": {
              "initial_n_root": 0,
              "initial_mean_depth": 0.0,
              "initial_max_depth": 0,
              "initial_size": 1,
              "n_root": 13239,
              "mean_depth": 7.077320929022185,
              "max_depth": 10,
              "size": 30742
            }
          },
          "white_best_action_info": {
            "index": 6,
            "name": "6",
            "n_root": 31424,
            "win_flag": false,
            "n": 22112,
            "n_wins": 17948,
            "q": 0.8116859623733719,
            "ucb": 0.8549670231170097
          },
          "white_performance_info": {
            "steps": 982,
            "steps_per_second": 980.332107087094,
            "playouts": 31424,
            "playouts_per_second": 31370.627426787007,
            "times_[ms]": {
              "total": 1001.7013549804688,
              "loop": 1000.0424385070801,
              "reduce_over_trees": 0.3962516784667969,
              "reduce_over_actions": 0.3333091735839844,
              "mean_loop": 1.0183731553025255,
              "mean_select": 0.10541330287024349,
              "mean_expand": 0.6218757745933144,
              "mean_playout": 0.16961151130816116,
              "mean_backup": 0.11863048110620067
            },
            "trees": {
              "count": 1,
              "mean_depth": 5.686304750154226,
              "max_depth": 8,
              "mean_size": 3242.0,
              "max_size": 3242
            }
          }
        },
        "14": {
          "black_best_action_info": {
            "index": 0,
            "name": "0",
            "n_root": 16330,
            "win_flag": false,
            "n": 5726,
            "n_wins": 747,
            "q": 0.1304575619979043,
            "ucb": 0.2127779077185707
          },
          "black_performance_info": {
            "steps": 16330,
            "steps_per_second": 4082.286362205385,
            "playouts": 16330,
            "playouts_per_second": 4082.286362205385,
            "times_[ms]": {
              "total": 4000.209331512451,
              "loop": 4000.131845474243,
              "reduce_over_actions": 0.03790855407714844,
              "mean_loop": 0.24495602238054154,
              "mean_select": 0.09646217149966929,
              "mean_expand": 0.05151521772675476,
              "mean_playout": 0.09223054102134354,
              "mean_backup": 0.0025632844260333144
            },
            "tree": {
              "initial_n_root": 0,
              "initial_mean_depth": 0.0,
              "initial_max_depth": 0,
              "initial_size": 1,
              "n_root": 16330,
              "mean_depth": 7.13912105688865,
              "max_depth": 11,
              "size": 33381
            }
          },
          "white_best_action_info": {
            "index": 0,
            "name": "0",
            "n_root": 31616,
            "win_flag": false,
            "n": 12128,
            "n_wins": 9727,
            "q": 0.802028364116095,
            "ucb": 0.8604865065746582
          },
          "white_performance_info": {
            "steps": 988,
            "steps_per_second": 985.6310380709664,
            "playouts": 31616,
            "playouts_per_second": 31540.193218270924,
            "times_[ms]": {
              "total": 1002.4034976959229,
              "loop": 1000.7948875427246,
              "reduce_over_trees": 0.308990478515625,
              "reduce_over_actions": 0.3216266632080078,
              "mean_loop": 1.0129502910351464,
              "mean_select": 0.10498549774108146,
              "mean_expand": 0.6196976673265218,
              "mean_playout": 0.16655830236581656,
              "mean_backup": 0.11886855368672113
            },
            "trees": {
              "count": 1,
              "mean_depth": 5.361052313274872,
              "max_depth": 8,
              "mean_size": 3307.0,
              "max_size": 3307
            }
          }
        },
        "15": {
          "black_best_action_info": {
            "index": 6,
            "name": "6",
            "n_root": 18973,
            "win_flag": false,
            "n": 5825,
            "n_wins": 675,
            "q": 0.11587982832618025,
            "ucb": 0.19812627968076285
          },
          "black_performance_info": {
            "steps": 18973,
            "steps_per_second": 4743.131260685355,
            "playouts": 18973,
            "playouts_per_second": 4743.131260685355,
            "times_[ms]": {
              "total": 4000.1001358032227,
              "loop": 4000.020742416382,
              "reduce_over_actions": 0.037670135498046875,
              "mean_loop": 0.21082700376410593,
              "mean_select": 0.09591946496060243,
              "mean_expand": 0.04484059971108847,
              "mean_playout": 0.0654479922362625,
              "mean_backup": 0.002492933716148441
            },
            "tree": {
              "initial_n_root": 0,
              "initial_mean_depth": 0.0,
              "initial_max_depth": 0,
              "initial_size": 1,
              "n_root": 18973,
              "mean_depth": 7.264775999256943,
              "max_depth": 12,
              "size": 32299
            }
          },
          "white_best_action_info": {
            "index": 2,
            "name": "2",
            "n_root": 31808,
            "win_flag": false,
            "n": 24480,
            "n_wins": 21721,
            "q": 0.8872957516339869,
            "ucb": 0.9284543662101935
          },
          "white_performance_info": {
            "steps": 994,
            "steps_per_second": 992.027677820838,
            "playouts": 31808,
            "playouts_per_second": 31744.885690266816,
            "times_[ms]": {
              "total": 1001.9881725311279,
              "loop": 1000.2615451812744,
              "reduce_over_trees": 0.3161430358886719,
              "reduce_over_actions": 0.3199577331542969,
              "mean_loop": 1.0062993412286463,
              "mean_select": 0.10630350477498782,
              "mean_expand": 0.622192139117051,
              "mean_playout": 0.15633254943479236,
              "mean_backup": 0.1186218779811437
            },
            "trees": {
              "count": 1,
              "mean_depth": 5.695736434108527,
              "max_depth": 10,
              "mean_size": 2064.0,
              "max_size": 2064
            }
          }
        },
        "16": {
          "black_best_action_info": {
            "index": 0,
            "name": "0",
            "n_root": 30928,
            "win_flag": false,
            "n": 12081,
            "n_wins": 725,
            "q": 0.06001158844466518,
            "ucb": 0.1185211149239752
          },
          "black_performance_info": {
            "steps": 30928,
            "steps_per_second": 7731.590775215125,
            "playouts": 30928,
            "playouts_per_second": 7731.590775215125,
            "times_[ms]": {
              "total": 4000.211715698242,
              "loop": 4000.138998031616,
              "reduce_over_actions": 0.0324249267578125,
              "mean_loop": 0.12933713780495396,
              "mean_select": 0.07707824129794338,
              "mean_expand": 0.018691267303648354,
              "mean_playout": 0.029515916365018116,
              "mean_backup": 0.002247045771544052
            },
            "tree": {
              "initial_n_root": 0,
              "initial_mean_depth": 0.0,
              "initial_max_depth": 0,
              "initial_size": 1,
              "n_root": 30928,
              "mean_depth": 8.048614547253834,
              "max_depth": 12,
              "size": 16168
            }
          },
          "white_best_action_info": {
            "index": 0,
            "name": "0",
            "n_root": 31744,
            "win_flag": false,
            "n": 29088,
            "n_wins": 27131,
            "q": 0.932721397139714,
            "ucb": 0.9704757763983107
          },
          "white_performance_info": {
            "steps": 992,
            "steps_per_second": 989.324253480082,
            "playouts": 31744,
            "playouts_per_second": 31658.376111362624,
            "times_[ms]": {
              "total": 1002.7046203613281,
              "loop": 1000.7410049438477,
              "reduce_over_trees": 0.4124641418457031,
              "reduce_over_actions": 0.3151893615722656,
              "mean_loop": 1.0088114969192012,
              "mean_select": 0.10812787279005974,
              "mean_expand": 0.6264426535175692,
              "mean_playout": 0.1511763661138473,
              "mean_backup": 0.12022977875125024
            },
            "trees": {
              "count": 1,
              "mean_depth": 5.787420382165605,
              "max_depth": 11,
              "mean_size": 1256.0,
              "max_size": 1256
            }
          }
        },
        "17": {
          "black_best_action_info": {
            "index": 0,
            "name": "0",
            "n_root": 47609,
            "win_flag": false,
            "n": 15332,
            "n_wins": 406,
            "q": 0.02648056352726324,
            "ucb": 0.0794901125490887
          },
          "black_performance_info": {
            "steps": 47609,
            "steps_per_second": 11901.984679325218,
            "playouts": 47609,
            "playouts_per_second": 11901.984679325218,
            "times_[ms]": {
              "total": 4000.089168548584,
              "loop": 4000.0176429748535,
              "reduce_over_actions": 0.030279159545898438,
              "mean_loop": 0.0840180983212177,
              "mean_select": 0.06765808875154775,
              "mean_expand": 0.0076395404289008595,
              "mean_playout": 0.005043442591985053,
              "mean_backup": 0.0020280978352594506
            },
            "tree": {
              "initial_n_root": 0,
              "initial_mean_depth": 0.0,
              "initial_max_depth": 0,
              "initial_size": 1,
              "n_root": 47609,
              "mean_depth": 7.451076320939334,
              "max_depth": 10,
              "size": 8176
            }
          },
          "white_best_action_info": {
            "index": 0,
            "name": "0",
            "n_root": 31840,
            "win_flag": false,
            "n": 28480,
            "n_wins": 27935,
            "q": 0.9808637640449438,
            "ucb": 1.0190245685437243
          },
          "white_performance_info": {
            "steps": 995,
            "steps_per_second": 993.1967941314433,
            "playouts": 31840,
            "playouts_per_second": 31782.297412206186,
            "times_[ms]": {
              "total": 1001.8155574798584,
              "loop": 1000.2744197845459,
              "reduce_over_trees": 0.308990478515625,
              "reduce_over_actions": 0.3254413604736328,
              "mean_loop": 1.0053009244065787,
              "mean_select": 0.10772326483798386,
              "mean_expand": 0.6264756073304756,
              "mean_playout": 0.14757990238055513,
              "mean_backup": 0.12059714925948099
            },
            "trees": {
              "count": 1,
              "mean_depth": 5.065789473684211,
              "max_depth": 9,
              "mean_size": 456.0,
              "max_size": 456
            }
          }
        },
        "18": {
          "black_best_action_info": {
            "index": 1,
            "name": "1",
            "n_root": 77615,
            "win_flag": false,
            "n": 26869,
            "n_wins": 105,
            "q": 0.003907849194238713,
            "ucb": 0.044849382640853724
          },
          "black_performance_info": {
            "steps": 77615,
            "steps_per_second": 19403.32439760099,
            "playouts": 77615,
            "playouts_per_second": 19403.32439760099,
            "times_[ms]": {
              "total": 4000.0877380371094,
              "loop": 4000.020980834961,
              "reduce_over_actions": 0.026941299438476562,
              "mean_loop": 0.05153670013315675,
              "mean_select": 0.04701369863759686,
              "mean_expand": 0.0008313916803581278,
              "mean_playout": 0.0004408386098749512,
              "mean_backup": 0.0017661252126538291
            },
            "tree": {
              "initial_n_root": 0,
              "initial_mean_depth": 0.0,
              "initial_max_depth": 0,
              "initial_size": 1,
              "n_root": 77615,
              "mean_depth": 5.867167919799499,
              "max_depth": 8,
              "size": 399
            }
          },
          "white_best_action_info": {
            "index": 1,
            "name": "1",
            "n_root": 32096,
            "win_flag": true,
            "n": 16320,
            "n_wins": 16320,
            "q": 1.0,
            "ucb": 1.0504307103048662
          },
          "white_performance_info": {
            "steps": 1003,
            "steps_per_second": 999.3265379519123,
            "playouts": 32096,
            "playouts_per_second": 31978.449214461194,
            "times_[ms]": {
              "total": 1003.6759376525879,
              "loop": 1000.6990432739258,
              "reduce_over_trees": 0.4112720489501953,
              "reduce_over_actions": 0.31685829162597656,
              "mean_loop": 0.9977059254974335,
              "mean_select": 0.10532515117915298,
              "mean_expand": 0.6246735543339464,
              "mean_playout": 0.1444909294485927,
              "mean_backup": 0.12033197245117674
            },
            "trees": {
              "count": 1,
              "mean_depth": 4.63302752293578,
              "max_depth": 7,
              "mean_size": 109.0,
              "max_size": 109
            }
          }
        }
      },
      "outcome": -1,
      "outcome_message": "WHITE WINS"
    },
    "2": {
      "black": "MCTSNC(search_time_limit=1.0, search_steps_limit=inf, n_trees=1, n_playouts=32, variant='ocp_thrifty', device_memory=2.0, ucb_c=2.0, seed: 0)",
      "white": "MCTS(search_time_limit=4.0, search_steps_limit=inf, vanilla=True, ucb_c=2.0, seed: 0)",
      "initial_state": "|.|.|.|.|.|.|.|\n|.|.|.|.|.|.|.|\n|.|.|.|.|.|.|.|\n|.|.|.|.|.|.|.|\n|.|.|.|.|.|.|.|\n|.|.|.|.|.|.|.|\n 0 1 2 3 4 5 6 ",
      "moves_rounds": {
        "1": {
          "black_best_action_info": {
            "index": 3,
            "name": "3",
            "n_root": 29568,
            "win_flag": false,
            "n": 15904,
            "n_wins": 9985,
            "q": 0.627829476861167,
            "ucb": 0.6787131370563565
          },
          "black_performance_info": {
            "steps": 924,
            "steps_per_second": 922.3737578536683,
            "playouts": 29568,
            "playouts_per_second": 29515.960251317385,
            "times_[ms]": {
              "total": 1001.763105392456,
              "loop": 1000.5660057067871,
              "reduce_over_trees": 0.28705596923828125,
              "reduce_over_actions": 0.2903938293457031,
              "mean_loop": 1.0828636425398128,
              "mean_select": 0.104475330996823,
              "mean_expand": 0.6227903551869578,
              "mean_playout": 0.2326844058511577,
              "mean_backup": 0.11998724627804447
            },
            "trees": {
              "count": 1,
              "mean_depth": 4.713556963982068,
              "max_depth": 6,
              "mean_size": 6469.0,
              "max_size": 6469
            }
          },
          "white_best_action_info": {
            "index": 4,
            "name": "4",
            "n_root": 5016,
            "win_flag": false,
            "n": 1125,
            "n_wins": 452,
            "q": 0.4017777777777778,
            "ucb": 0.5758315429813966
          },
          "white_performance_info": {
            "steps": 5016,
            "steps_per_second": 1253.9265307319338,
            "playouts": 5016,
            "playouts_per_second": 1253.9265307319338,
            "times_[ms]": {
              "total": 4000.234365463257,
              "loop": 4000.141143798828,
              "reduce_over_actions": 0.04649162292480469,
              "mean_loop": 0.7974763045850933,
              "mean_select": 0.11874552358660781,
              "mean_expand": 0.1120785491888603,
              "mean_playout": 0.5611551055117278,
              "mean_backup": 0.002752888525882216
            },
            "tree": {
              "initial_n_root": 0,
              "initial_mean_depth": 0.0,
              "initial_max_depth": 0,
              "initial_size": 1,
              "n_root": 5016,
              "mean_depth": 5.376840486429527,
              "max_depth": 7,
              "size": 35113
            }
          }
        },
        "2": {
          "black_best_action_info": {
            "index": 3,
            "name": "3",
            "n_root": 29920,
            "win_flag": false,
            "n": 11232,
            "n_wins": 7371,
            "q": 0.65625,
            "ucb": 0.716833236142154
          },
          "black_performance_info": {
            "steps": 935,
            "steps_per_second": 932.9920103841454,
            "playouts": 29920,
            "playouts_per_second": 29855.744332292652,
            "times_[ms]": {
              "total": 1002.1522045135498,
              "loop": 1000.6144046783447,
              "reduce_over_trees": 0.3085136413574219,
              "reduce_over_actions": 0.30994415283203125,
              "mean_loop": 1.0701758338805827,
              "mean_select": 0.10336095636541193,
              "mean_expand": 0.619440027736725,
              "mean_playout": 0.22598868385355741,
              "mean_backup": 0.11848281411563649
            },
            "trees": {
              "count": 1,
              "mean_depth": 4.6677360219981665,
              "max_depth": 6,
              "mean_size": 6546.0,
              "max_size": 6546
            }
          },
          "white_best_action_info": {
            "index": 3,
            "name": "3",
            "n_root": 5035,
            "win_flag": false,
            "n": 1724,
            "n_wins": 689,
            "q": 0.3996519721577726,
            "ucb": 0.5402850189151454
          },
          "white_performance_info": {
            "steps": 5035,
            "steps_per_second": 1258.4729099911744,
            "playouts": 5035,
            "playouts_per_second": 1258.4729099911744,
            "times_[ms]": {
              "total": 4000.880718231201,
              "loop": 4000.793218612671,
              "reduce_over_actions": 0.047206878662109375,
              "mean_loop": 0.7945964684434301,
              "mean_select": 0.17999944525891998,
              "mean_expand": 0.1096332440191608,
              "mean_playout": 0.4995278355618338,
              "mean_backup": 0.0027228017312649344
            },
            "tree": {
              "initial_n_root": 0,
              "initial_mean_depth": 0.0,
              "initial_max_depth": 0,
              "initial_size": 1,
              "n_root": 5035,
              "mean_depth": 5.414214341409883,
              "max_depth": 7,
              "size": 34627
            }
          }
        },
        "3": {
          "black_best_action_info": {
            "index": 4,
            "name": "4",
            "n_root": 29824,
            "win_flag": false,
            "n": 10656,
            "n_wins": 6742,
            "q": 0.6326951951951952,
            "ucb": 0.6948845695878062
          },
          "black_performance_info": {
            "steps": 932,
            "steps_per_second": 930.3012254034602,
            "playouts": 29824,
            "playouts_per_second": 29769.639212910726,
            "times_[ms]": {
              "total": 1001.8260478973389,
              "loop": 1000.267505645752,
              "reduce_over_trees": 0.3142356872558594,
              "reduce_over_actions": 0.3132820129394531,
              "mean_loop": 1.0732483966156137,
              "mean_select": 0.10385738421919008,
              "mean_expand": 0.6242821656583205,
              "mean_playout": 0.22285690635059013,
              "mean_backup": 0.11935689418612631
            },
            "trees": {
              "count": 1,
              "mean_depth": 4.608495629504677,
              "max_depth": 6,
              "mean_size": 6521.0,
              "max_size": 6521
            }
          },
          "white_best_action_info": {
            "index": 3,
            "name": "3",
            "n_root": 5846,
            "win_flag": false,
            "n": 1484,
            "n_wins": 611,
            "q": 0.41172506738544473,
            "ucb": 0.564626150094016
          },
          "white_performance_info": {
            "steps": 5846,
            "steps_per_second": 1461.3965180478428,
            "playouts": 5846,
            "playouts_per_second": 1461.3965180478428,
            "times_[ms]": {
              "total": 4000.2832412719727,
              "loop": 4000.1931190490723,
              "reduce_over_actions": 0.04839897155761719,
              "mean_loop": 0.6842615667206761,
              "mean_select": 0.1209761808475647,
              "mean_expand": 0.11088070786248076,
              "mean_playout": 0.44695702147247285,
              "mean_backup": 0.002735288347889616
            },
            "tree": {
              "initial_n_root": 0,
              "initial_mean_depth": 0.0,
              "initial_max_depth": 0,
              "initial_size": 1,
              "n_root": 5846,
              "mean_depth": 5.4748084054388135,
              "max_depth": 7,
              "size": 40450
            }
          }
        },
        "4": {
          "black_best_action_info": {
            "index": 3,
            "name": "3",
            "n_root": 30240,
            "win_flag": false,
            "n": 8032,
            "n_wins": 4853,
            "q": 0.6042081673306773,
            "ucb": 0.6758873747762583
          },
          "black_performance_info": {
            "steps": 945,
            "steps_per_second": 943.0916931153607,
            "playouts": 30240,
            "playouts_per_second": 30178.934179691543,
            "times_[ms]": {
              "total": 1002.023458480835,
              "loop": 1000.3805160522461,
              "reduce_over_trees": 0.3204345703125,
              "reduce_over_actions": 0.3235340118408203,
              "mean_loop": 1.0586037206902075,
              "mean_select": 0.10383293111488302,
              "mean_expand": 0.6202150274206091,
              "mean_playout": 0.21238377485325727,
              "mean_backup": 0.11922896854461186
            },
            "trees": {
              "count": 1,
              "mean_depth": 4.596691915288298,
              "max_depth": 6,
              "mean_size": 6469.0,
              "max_size": 6469
            }
          },
          "white_best_action_info": {
            "index": 4,
            "name": "4",
            "n_root": 5855,
            "win_flag": false,
            "n": 1573,
            "n_wins": 675,
            "q": 0.4291163382072473,
            "ucb": 0.5776420558921407
          },
          "white_performance_info": {
            "steps": 5855,
            "steps_per_second": 1463.6740124186983,
            "playouts": 5855,
            "playouts_per_second": 1463.6740124186983,
            "times_[ms]": {
              "total": 4000.2076625823975,
              "loop": 4000.1163482666016,
              "reduce_over_actions": 0.048160552978515625,
              "mean_loop": 0.6831966435980532,
              "mean_select": 0.12085313577106323,
              "mean_expand": 0.10939352946033037,
              "mean_playout": 0.44745893991471963,
              "mean_backup": 0.002768180189124546
            },
            "tree": {
              "initial_n_root": 0,
              "initial_mean_depth": 0.0,
              "initial_max_depth": 0,
              "initial_size": 1,
              "n_root": 5855,
              "mean_depth": 5.517609752293817,
              "max_depth": 7,
              "size": 38473
            }
          }
        },
        "5": {
          "black_best_action_info": {
            "index": 1,
            "name": "1",
            "n_root": 30304,
            "win_flag": false,
            "n": 8960,
            "n_wins": 5177,
            "q": 0.5777901785714286,
            "ucb": 0.6456629422677698
          },
          "black_performance_info": {
            "steps": 947,
            "steps_per_second": 945.3722023855142,
            "playouts": 30304,
            "playouts_per_second": 30251.910476336456,
            "times_[ms]": {
              "total": 1001.7218589782715,
              "loop": 1000.1380443572998,
              "reduce_over_trees": 0.3139972686767578,
              "reduce_over_actions": 0.3230571746826172,
              "mean_loop": 1.0561119792579723,
              "mean_select": 0.10414385367597924,
              "mean_expand": 0.6235315530327834,
              "mean_playout": 0.2065457663289345,
              "mean_backup": 0.11893612782076521
            },
            "trees": {
              "count": 1,
              "mean_depth": 4.659226658283559,
              "max_depth": 6,
              "mean_size": 6362.0,
              "max_size": 6362
            }
          },
          "white_best_action_info": {
            "index": 0,
            "name": "0",
            "n_root": 7260,
            "win_flag": false,
            "n": 1706,
            "n_wins": 753,
            "q": 0.4413833528722157,
            "ucb": 0.5857592390213013
          },
          "white_performance_info": {
            "steps": 7260,
            "steps_per_second": 1814.8441225063484,
            "playouts": 7260,
            "playouts_per_second": 1814.8441225063484,
            "times_[ms]": {
              "total": 4000.3435611724854,
              "loop": 4000.255346298218,
              "reduce_over_actions": 0.04696846008300781,
              "mean_loop": 0.5509993589942449,
              "mean_select": 0.1230078295242688,
              "mean_expand": 0.10487760722472976,
              "mean_playout": 0.31774684417346294,
              "mean_backup": 0.0027218469246688298
            },
            "tree": {
              "initial_n_root": 0,
              "initial_mean_depth": 0.0,
              "initial_max_depth": 0,
              "initial_size": 1,
              "n_root": 7260,
              "mean_depth": 5.638747753544408,
              "max_depth": 7,
              "size": 45071
            }
          }
        },
        "6": {
          "black_best_action_info": {
            "index": 1,
            "name": "1",
            "n_root": 30560,
            "win_flag": false,
            "n": 16416,
            "n_wins": 9922,
            "q": 0.6044103313840156,
            "ucb": 0.6545744073096209
          },
          "black_performance_info": {
            "steps": 955,
            "steps_per_second": 952.8014915382606,
            "playouts": 30560,
            "playouts_per_second": 30489.64772922434,
            "times_[ms]": {
              "total": 1002.3074150085449,
              "loop": 1000.6923675537109,
              "reduce_over_trees": 0.3056526184082031,
              "reduce_over_actions": 0.3190040588378906,
              "mean_loop": 1.0478454110510063,
              "mean_select": 0.10368262285961531,
              "mean_expand": 0.6200301085467114,
              "mean_playout": 0.2034234750957389,
              "mean_backup": 0.11784493611121052
            },
            "trees": {
              "count": 1,
              "mean_depth": 4.901766004415011,
              "max_depth": 7,
              "mean_size": 6342.0,
              "max_size": 6342
            }
          },
          "white_best_action_info": {
            "index": 1,
            "name": "1",
            "n_root": 7121,
            "win_flag": false,
            "n": 2526,
            "n_wins": 1112,
            "q": 0.440221694378464,
            "ucb": 0.5587425561946048
          },
          "white_performance_info": {
            "steps": 7121,
            "steps_per_second": 1780.0823601407396,
            "playouts": 7121,
            "playouts_per_second": 1780.0823601407396,
            "times_[ms]": {
              "total": 4000.3767013549805,
              "loop": 4000.290870666504,
              "reduce_over_actions": 0.0457763671875,
              "mean_loop": 0.5617597065954928,
              "mean_select": 0.1745604008976085,
              "mean_expand": 0.1011878448730606,
              "mean_playout": 0.2806253972942115,
              "mean_backup": 0.002769017015309033
            },
            "tree": {
              "initial_n_root": 0,
              "initial_mean_depth": 0.0,
              "initial_max_depth": 0,
              "initial_size": 1,
              "n_root": 7121,
              "mean_depth": 5.687088489376605,
              "max_depth": 7,
              "size": 42830
            }
          }
        },
        "7": {
          "black_best_action_info": {
            "index": 6,
            "name": "6",
            "n_root": 30304,
            "win_flag": false,
            "n": 13728,
            "n_wins": 8203,
            "q": 0.5975378787878788,
            "ucb": 0.6523713706397315
          },
          "black_performance_info": {
            "steps": 947,
            "steps_per_second": 945.2356429460942,
            "playouts": 30304,
            "playouts_per_second": 30247.540574275015,
            "times_[ms]": {
              "total": 1001.8665790557861,
              "loop": 1000.1506805419922,
              "reduce_over_trees": 0.31375885009765625,
              "reduce_over_actions": 0.3249645233154297,
              "mean_loop": 1.0561253226420193,
              "mean_select": 0.10495100252983311,
              "mean_expand": 0.6256622145269086,
              "mean_playout": 0.20288061566941967,
              "mean_backup": 0.11972741567094072
            },
            "trees": {
              "count": 1,
              "mean_depth": 4.805533471140086,
              "max_depth": 7,
              "mean_size": 6289.0,
              "max_size": 6289
            }
          },
          "white_best_action_info": {
            "index": 6,
            "name": "6",
            "n_root": 7724,
            "win_flag": false,
            "n": 2412,
            "n_wins": 1063,
            "q": 0.4407131011608624,
            "ucb": 0.5625569212344714
          },
          "white_performance_info": {
            "steps": 7724,
            "steps_per_second": 1930.882493554001,
            "playouts": 7724,
            "playouts_per_second": 1930.882493554001,
            "times_[ms]": {
              "total": 4000.2434253692627,
              "loop": 4000.149726867676,
              "reduce_over_actions": 0.05078315734863281,
              "mean_loop": 0.5178857750993884,
              "mean_select": 0.12295793091800163,
              "mean_expand": 0.10151013631637945,
              "mean_playout": 0.28806316735274057,
              "mean_backup": 0.0027326460887211585
            },
            "tree": {
              "initial_n_root": 0,
              "initial_mean_depth": 0.0,
              "initial_max_depth": 0,
              "initial_size": 1,
              "n_root": 7724,
              "mean_depth": 5.700827087102611,
              "max_depth": 7,
              "size": 46428
            }
          }
        },
        "8": {
          "black_best_action_info": {
            "index": 6,
            "name": "6",
            "n_root": 30176,
            "win_flag": false,
            "n": 11552,
            "n_wins": 6751,
            "q": 0.5844009695290858,
            "ucb": 0.6441638962054826
          },
          "black_performance_info": {
            "steps": 943,
            "steps_per_second": 940.6659986857599,
            "playouts": 30176,
            "playouts_per_second": 30101.311957944316,
            "times_[ms]": {
              "total": 1002.48122215271,
              "loop": 1000.8957386016846,
              "reduce_over_trees": 0.30684471130371094,
              "reduce_over_actions": 0.3349781036376953,
              "mean_loop": 1.0613952689307367,
              "mean_select": 0.10496712944540466,
              "mean_expand": 0.6300864518004788,
              "mean_playout": 0.20327851223667504,
              "mean_backup": 0.12021529965284394
            },
            "trees": {
              "count": 1,
              "mean_depth": 4.6989787647917005,
              "max_depth": 6,
              "mean_size": 6169.0,
              "max_size": 6169
            }
          },
          "white_best_action_info": {
            "index": 6,
            "name": "6",
            "n_root": 6893,
            "win_flag": false,
            "n": 1465,
            "n_wins": 629,
            "q": 0.42935153583617747,
            "ucb": 0.5846955814671522
          },
          "white_performance_info": {
            "steps": 6893,
            "steps_per_second": 1722.9491013963764,
            "playouts": 6893,
            "playouts_per_second": 1722.9491013963764,
            "times_[ms]": {
              "total": 4000.6985664367676,
              "loop": 4000.610828399658,
              "reduce_over_actions": 0.04696846008300781,
              "mean_loop": 0.5803874696648278,
              "mean_select": 0.1211063999855067,
              "mean_expand": 0.10204982743732957,
              "mean_playout": 0.3519079672413434,
              "mean_backup": 0.0027040948927290085
            },
            "tree": {
              "initial_n_root": 0,
              "initial_mean_depth": 0.0,
              "initial_max_depth": 0,
              "initial_size": 1,
              "n_root": 6893,
              "mean_depth": 5.610373594486761,
              "max_depth": 7,
              "size": 41355
            }
          }
        },
        "9": {
          "black_best_action_info": {
            "index": 4,
            "name": "4",
            "n_root": 30336,
            "win_flag": false,
            "n": 14176,
            "n_wins": 8401,
            "q": 0.5926213318284425,
            "ucb": 0.6465841837911165
          },
          "black_performance_info": {
            "steps": 948,
            "steps_per_second": 946.1637542344407,
            "playouts": 30336,
            "playouts_per_second": 30277.240135502103,
            "times_[ms]": {
              "total": 1001.9407272338867,
              "loop": 1000.3790855407715,
              "reduce_over_trees": 0.31495094299316406,
              "reduce_over_actions": 0.3151893615722656,
              "mean_loop": 1.0552521999375226,
              "mean_select": 0.10468486995133669,
              "mean_expand": 0.624021648857664,
              "mean_playout": 0.20408831568206917,
              "mean_backup": 0.11956892939056525
            },
            "trees": {
              "count": 1,
              "mean_depth": 4.768574708873216,
              "max_depth": 7,
              "mean_size": 6097.0,
              "max_size": 6097
            }
          },
          "white_best_action_info": {
            "index": 1,
            "name": "1",
            "n_root": 7317,
            "win_flag": false,
            "n": 1723,
            "n_wins": 742,
            "q": 0.4306442251886245,
            "ucb": 0.5743692777767531
          },
          "white_performance_info": {
            "steps": 7317,
            "steps_per_second": 1829.0243320246166,
            "playouts": 7317,
            "playouts_per_second": 1829.0243320246166,
            "times_[ms]": {
              "total": 4000.4935264587402,
              "loop": 4000.4024505615234,
              "reduce_over_actions": 0.049114227294921875,
              "mean_loop": 0.5467271355147634,
              "mean_select": 0.12051422152506844,
              "mean_expand": 0.10037712179540823,
              "mean_playout": 0.3205131308146476,
              "mean_backup": 0.0027034457661471146
            },
            "tree": {
              "initial_n_root": 0,
              "initial_mean_depth": 0.0,
              "initial_max_depth": 0,
              "initial_size": 1,
              "n_root": 7317,
              "mean_depth": 5.658692866296454,
              "max_depth": 8,
              "size": 42138
            }
          }
        },
        "10": {
          "black_best_action_info": {
            "index": 1,
            "name": "1",
            "n_root": 30304,
            "win_flag": false,
            "n": 15520,
            "n_wins": 9308,
            "q": 0.5997422680412371,
            "ucb": 0.6513130456391966
          },
          "black_performance_info": {
            "steps": 947,
            "steps_per_second": 945.1494980625891,
            "playouts": 30304,
            "playouts_per_second": 30244.783938002853,
            "times_[ms]": {
              "total": 1001.957893371582,
              "loop": 1000.3881454467773,
              "reduce_over_trees": 0.32138824462890625,
              "reduce_over_actions": 0.3142356872558594,
              "mean_loop": 1.056376077557315,
              "mean_select": 0.1053835295825221,
              "mean_expand": 0.6278704187056835,
              "mean_playout": 0.20022351991035114,
              "mean_backup": 0.12003758640953958
            },
            "trees": {
              "count": 1,
              "mean_depth": 4.769945642644222,
              "max_depth": 6,
              "mean_size": 5703.0,
              "max_size": 5703
            }
          },
          "white_best_action_info": {
            "index": 0,
            "name": "0",
            "n_root": 7357,
            "win_flag": false,
            "n": 1550,
            "n_wins": 618,
            "q": 0.3987096774193548,
            "ucb": 0.5502898065105687
          },
          "white_performance_info": {
            "steps": 7357,
            "steps_per_second": 1839.015864736612,
            "playouts": 7357,
            "playouts_per_second": 1839.015864736612,
            "times_[ms]": {
              "total": 4000.509262084961,
              "loop": 4000.422954559326,
              "reduce_over_actions": 0.0457763671875,
              "mean_loop": 0.5437573677530687,
              "mean_select": 0.11689912143472389,
              "mean_expand": 0.09592120310721294,
              "mean_playout": 0.3256302935055972,
              "mean_backup": 0.0027097793025330098
            },
            "tree": {
              "initial_n_root": 0,
              "initial_mean_depth": 0.0,
              "initial_max_depth": 0,
              "initial_size": 1,
              "n_root": 7357,
              "mean_depth": 5.689359222272258,
              "max_depth": 8,
              "size": 37751
            }
          }
        },
        "11": {
          "black_best_action_info": {
            "index": 4,
            "name": "4",
            "n_root": 30656,
            "win_flag": false,
            "n": 14528,
            "n_wins": 9352,
            "q": 0.6437224669603524,
            "ucb": 0.6970546683086251
          },
          "black_performance_info": {
            "steps": 958,
            "steps_per_second": 956.0788629872188,
            "playouts": 30656,
            "playouts_per_second": 30594.523615591002,
            "times_[ms]": {
              "total": 1002.009391784668,
              "loop": 1000.4291534423828,
              "reduce_over_trees": 0.3108978271484375,
              "reduce_over_actions": 0.31495094299316406,
              "mean_loop": 1.0442893042196062,
              "mean_select": 0.10512392804617672,
              "mean_expand": 0.624272669033616,
              "mean_playout": 0.19245754950728447,
              "mean_backup": 0.11958209856069163
            },
            "trees": {
              "count": 1,
              "mean_depth": 4.86281388478582,
              "max_depth": 7,
              "mean_size": 5416.0,
              "max_size": 5416
            }
          },
          "white_best_action_info": {
            "index": 3,
            "name": "3",
            "n_root": 9332,
            "win_flag": false,
            "n": 2049,
            "n_wins": 835,
            "q": 0.4075158613958028,
            "ucb": 0.5411017956166337
          },
          "white_performance_info": {
            "steps": 9332,
            "steps_per_second": 2332.809228523878,
            "playouts": 9332,
            "playouts_per_second": 2332.809228523878,
            "times_[ms]": {
              "total": 4000.3271102905273,
              "loop": 4000.2307891845703,
              "reduce_over_actions": 0.051021575927734375,
              "mean_loop": 0.4286573927544546,
              "mean_select": 0.1194995715799017,
              "mean_expand": 0.088398491319443,
              "mean_playout": 0.2154286358420858,
              "mean_backup": 0.0027966407354022113
            },
            "tree": {
              "initial_n_root": 0,
              "initial_mean_depth": 0.0,
              "initial_max_depth": 0,
              "initial_size": 1,
              "n_root": 9332,
              "mean_depth": 5.97769272026915,
              "max_depth": 8,
              "size": 41018
            }
          }
        },
        "12": {
          "black_best_action_info": {
            "index": 6,
            "name": "6",
            "n_root": 31072,
            "win_flag": false,
            "n": 12544,
            "n_wins": 8160,
            "q": 0.6505102040816326,
            "ucb": 0.7079426798814435
          },
          "black_performance_info": {
            "steps": 971,
            "steps_per_second": 968.3797460227936,
            "playouts": 31072,
            "playouts_per_second": 30988.151872729395,
            "times_[ms]": {
              "total": 1002.7058124542236,
              "loop": 1000.9763240814209,
              "reduce_over_trees": 0.3120899200439453,
              "reduce_over_actions": 0.3218650817871094,
              "mean_loop": 1.0308716004957992,
              "mean_select": 0.10487421902028957,
              "mean_expand": 0.6203631785085346,
              "mean_playout": 0.1842727621846538,
              "mean_backup": 0.11850017229388597
            },
            "trees": {
              "count": 1,
              "mean_depth": 5.165869218500798,
              "max_depth": 7,
              "mean_size": 4389.0,
              "max_size": 4389
            }
          },
          "white_best_action_info": {
            "index": 5,
            "name": "5",
            "n_root": 10741,
            "win_flag": false,
            "n": 2430,
            "n_wins": 871,
            "q": 0.35843621399176956,
            "ucb": 0.4820433406764376
          },
          "white_performance_info": {
            "steps": 10741,
            "steps_per_second": 2685.0408265375922,
            "playouts": 10741,
            "playouts_per_second": 2685.0408265375922,
            "times_[ms]": {
              "total": 4000.3116130828857,
              "loop": 4000.2188682556152,
              "reduce_over_actions": 0.04863739013671875,
              "mean_loop": 0.37242518091943166,
              "mean_select": 0.1118850823432504,
              "mean_expand": 0.07621701031620859,
              "mean_playout": 0.17895641722899777,
              "mean_backup": 0.0028910333690069737
            },
            "tree": {
              "initial_n_root": 0,
              "initial_mean_depth": 0.0,
              "initial_max_depth": 0,
              "initial_size": 1,
              "n_root": 10741,
              "mean_depth": 6.703906345519012,
              "max_depth": 11,
              "size": 32716
            }
          }
        },
        "13": {
          "black_best_action_info": {
            "index": 5,
            "name": "5",
            "n_root": 30912,
            "win_flag": false,
            "n": 20448,
            "n_wins": 14632,
            "q": 0.7155712050078247,
            "ucb": 0.7605431570932792
          },
          "black_performance_info": {
            "steps": 966,
            "steps_per_second": 963.6287811635996,
            "playouts": 30912,
            "playouts_per_second": 30836.120997235186,
            "times_[ms]": {
              "total": 1002.4607181549072,
              "loop": 1000.7233619689941,
              "reduce_over_trees": 0.4925727844238281,
              "reduce_over_actions": 0.3123283386230469,
              "mean_loop": 1.035945509284673,
              "mean_select": 0.10697762665047655,
              "mean_expand": 0.6285501069410494,
              "mean_playout": 0.17747844474903052,
              "mean_backup": 0.12007435903292511
            },
            "trees": {
              "count": 1,
              "mean_depth": 5.429295489102889,
              "max_depth": 8,
              "mean_size": 3946.0,
              "max_size": 3946
            }
          },
          "white_best_action_info": {
            "index": 1,
            "name": "1",
            "n_root": 13366,
            "win_flag": false,
            "n": 3063,
            "n_wins": 885,
            "q": 0.2889324191968658,
            "ucb": 0.4003180144504625
          },
          "white_performance_info": {
            "steps": 13366,
            "steps_per_second": 3341.223974679178,
            "playouts": 13366,
            "playouts_per_second": 3341.223974679178,
            "times_[ms]": {
              "total": 4000.3304481506348,
              "loop": 4000.244140625,
              "reduce_over_actions": 0.04220008850097656,
              "mean_loop": 0.2992850621446207,
              "mean_select": 0.11244568303193979,
              "mean_expand": 0.07075211360713919,
              "mean_playout": 0.110860536613276,
              "mean_backup": 0.0028257756716260005
            },
            "tree": {
              "initial_n_root": 0,
              "initial_mean_depth": 0.0,
              "initial_max_depth": 0,
              "initial_size": 1,
              "n_root": 13366,
              "mean_depth": 6.889194239859294,
              "max_depth": 11,
              "size": 36388
            }
          }
        },
        "14": {
          "black_best_action_info": {
            "index": 6,
            "name": "6",
            "n_root": 31552,
            "win_flag": false,
            "n": 21184,
            "n_wins": 18498,
            "q": 0.8732061933534743,
            "ucb": 0.9174337707057565
          },
          "black_performance_info": {
            "steps": 986,
            "steps_per_second": 984.4021639984842,
            "playouts": 31552,
            "playouts_per_second": 31500.869247951494,
            "times_[ms]": {
              "total": 1001.6231536865234,
              "loop": 1000.0462532043457,
              "reduce_over_trees": 0.316619873046875,
              "reduce_over_actions": 0.3151893615722656,
              "mean_loop": 1.0142456929050159,
              "mean_select": 0.1084156500640312,
              "mean_expand": 0.6232856495143434,
              "mean_playout": 0.16098549593292918,
              "mean_backup": 0.11872181302393668
            },
            "trees": {
              "count": 1,
              "mean_depth": 5.839945280437757,
              "max_depth": 11,
              "mean_size": 2193.0,
              "max_size": 2193
            }
          },
          "white_best_action_info": {
            "index": 0,
            "name": "0",
            "n_root": 29342,
            "win_flag": false,
            "n": 10892,
            "n_wins": 1083,
            "q": 0.09943077488064635,
            "ucb": 0.1608940649992771
          },
          "white_performance_info": {
            "steps": 29342,
            "steps_per_second": 7335.272647513348,
            "playouts": 29342,
            "playouts_per_second": 7335.272647513348,
            "times_[ms]": {
              "total": 4000.123977661133,
              "loop": 4000.0529289245605,
              "reduce_over_actions": 0.031232833862304688,
              "mean_loop": 0.13632516286976212,
              "mean_select": 0.08590311110608782,
              "mean_expand": 0.028352772853961306,
              "mean_playout": 0.017776030004247958,
              "mean_backup": 0.002500461773121254
            },
            "tree": {
              "initial_n_root": 0,
              "initial_mean_depth": 0.0,
              "initial_max_depth": 0,
              "initial_size": 1,
              "n_root": 29342,
              "mean_depth": 8.749291893133277,
              "max_depth": 14,
              "size": 13063
            }
          }
        },
        "15": {
          "black_best_action_info": {
            "index": 0,
            "name": "0",
            "n_root": 31808,
            "win_flag": false,
            "n": 31328,
            "n_wins": 29011,
            "q": 0.9260406026557712,
            "ucb": 0.9624237377823157
          },
          "black_performance_info": {
            "steps": 994,
            "steps_per_second": 992.3263691103252,
            "playouts": 31808,
            "playouts_per_second": 31754.443811530407,
            "times_[ms]": {
              "total": 1001.6865730285645,
              "loop": 1000.1459121704102,
              "reduce_over_trees": 0.30994415283203125,
              "reduce_over_actions": 0.3147125244140625,
              "mean_loop": 1.006183010231801,
              "mean_select": 0.10889804579122685,
              "mean_expand": 0.6227841079834722,
              "mean_playout": 0.15277713837038343,
              "mean_backup": 0.11882359832825075
            },
            "trees": {
              "count": 1,
              "mean_depth": 6.645395213923133,
              "max_depth": 10,
              "mean_size": 1379.0,
              "max_size": 1379
            }
          },
          "white_best_action_info": {
            "index": 5,
            "name": "5",
            "n_root": 40746,
            "win_flag": false,
            "n": 13074,
            "n_wins": 783,
            "q": 0.059889857732905005,
            "ucb": 0.11687846785859127
          },
          "white_performance_info": {
            "steps": 40746,
            "steps_per_second": 10186.118716087716,
            "playouts": 40746,
            "playouts_per_second": 10186.118716087716,
            "times_[ms]": {
              "total": 4000.149726867676,
              "loop": 4000.0789165496826,
              "reduce_over_actions": 0.02956390380859375,
              "mean_loop": 0.09817108223014977,
              "mean_select": 0.07576658771027873,
              "mean_expand": 0.009676660335403897,
              "mean_playout": 0.008761136736509604,
              "mean_backup": 0.002296363073356582
            },
            "tree": {
              "initial_n_root": 0,
              "initial_mean_depth": 0.0,
              "initial_max_depth": 0,
              "initial_size": 1,
              "n_root": 40746,
              "mean_depth": 8.191759637689163,
              "max_depth": 12,
              "size": 9053
            }
          }
        },
        "16": {
          "black_best_action_info": {
            "index": 4,
            "name": "4",
            "n_root": 32224,
            "win_flag": false,
            "n": 19232,
            "n_wins": 18689,
            "q": 0.9717658069883528,
            "ucb": 1.0182308359621637
          },
          "black_performance_info": {
            "steps": 1007,
            "steps_per_second": 1004.4856151405904,
            "playouts": 32224,
            "playouts_per_second": 32143.539684498894,
            "times_[ms]": {
              "total": 1002.5031566619873,
              "loop": 1000.9701251983643,
              "reduce_over_trees": 0.3211498260498047,
              "reduce_over_actions": 0.324249267578125,
              "mean_loop": 0.9940120409119804,
              "mean_select": 0.10537651349913399,
              "mean_expand": 0.6187580074548958,
              "mean_playout": 0.14853288069027065,
              "mean_backup": 0.11854848890105686
            },
            "trees": {
              "count": 1,
              "mean_depth": 5.532805429864253,
              "max_depth": 11,
              "mean_size": 884.0,
              "max_size": 884
            }
          },
          "white_best_action_info": {
            "index": 2,
            "name": "2",
            "n_root": 74388,
            "win_flag": false,
            "n": 27582,
            "n_wins": 405,
            "q": 0.014683489232107896,
            "ucb": 0.055016110184430755
          },
          "white_performance_info": {
            "steps": 74388,
            "steps_per_second": 18596.500094560226,
            "playouts": 74388,
            "playouts_per_second": 18596.500094560226,
            "times_[ms]": {
              "total": 4000.107526779175,
              "loop": 4000.040054321289,
              "reduce_over_actions": 0.027179718017578125,
              "mean_loop": 0.053772652233173214,
              "mean_select": 0.04848781603539177,
              "mean_expand": 0.0012165091015571175,
              "mean_playout": 0.0007435148195751945,
              "mean_backup": 0.0018265007990511822
            },
            "tree": {
              "initial_n_root": 0,
              "initial_mean_depth": 0.0,
              "initial_max_depth": 0,
              "initial_size": 1,
              "n_root": 74388,
              "mean_depth": 7.227683049147442,
              "max_depth": 10,
              "size": 997
            }
          }
        },
        "17": {
          "black_best_action_info": {
            "index": 2,
            "name": "2",
            "n_root": 32704,
            "win_flag": true,
            "n": 27328,
            "n_wins": 27328,
            "q": 1.0,
            "ucb": 1.0390070939353089
          },
          "black_performance_info": {
            "steps": 1022,
            "steps_per_second": 1019.819970641905,
            "playouts": 32704,
            "playouts_per_second": 32634.23906054096,
            "times_[ms]": {
              "total": 1002.1376609802246,
              "loop": 1000.5877017974854,
              "reduce_over_trees": 0.3070831298828125,
              "reduce_over_actions": 0.3330707550048828,
              "mean_loop": 0.9790486318957782,
              "mean_select": 0.10213483336387082,
              "mean_expand": 0.6132039538568247,
              "mean_playout": 0.14278963354002472,
              "mean_backup": 0.11803189369097147
            },
            "trees": {
              "count": 1,
              "mean_depth": 4.4,
              "max_depth": 7,
              "mean_size": 110.0,
              "max_size": 110
            }
          }
        }
      },
      "outcome": 1,
      "outcome_message": "BLACK WINS"
    }
  },
  "stats": {
    "score_a_total": 0.0,
    "score_a_mean": 0.0,
    "score_b_total": 2.0,
    "score_b_mean": 1.0,
    "white_wins_count": 1,
    "white_wins_freq": 0.5,
    "black_wins_count": 1,
    "black_wins_freq": 0.5
  }
}