{
  "matchup_info": {
    "ai_a_shortname": "mcts_2_inf_vanilla",
    "ai_a_instance": "MCTS(search_time_limit=2.0, search_steps_limit=inf, vanilla=True, ucb_c=2.0, seed: 0)",
    "ai_b_shortname": "mctsnc_1_inf_4_32_acp_prodigal",
    "ai_b_instance": "MCTSNC(search_time_limit=1.0, search_steps_limit=inf, n_trees=4, n_playouts=32, variant='acp_prodigal', device_memory=2.0, ucb_c=2.0, seed: 0)",
    "game_name": "C4_6x7",
    "n_games": 2
  },
  "cpu_and_system_props": {
    "cpu_name": "Intel(R) Xeon(R) CPU E3-1505M v5 @ 2.80GHz",
    "ram_size": "63.9 GB",
    "os_name": "Windows 10",
    "os_version": "10.0.19045",
    "os_machine": "AMD64"
  },
  "gpu_props": {
    "name": "Quadro M4000M",
    "max_threads_per_block": 1024,
    "max_block_dim_x": 1024,
    "max_block_dim_y": 1024,
    "max_block_dim_z": 64,
    "max_grid_dim_x": 2147483647,
    "max_grid_dim_y": 65535,
    "max_grid_dim_z": 65535,
    "max_shared_memory_per_block": 49152,
    "async_engine_count": 5,
    "can_map_host_memory": 1,
    "multiprocessor_count": 10,
    "warp_size": 32,
    "unified_addressing": 1,
    "pci_bus_id": 1,
    "pci_device_id": 0,
    "compute_capability": [
      5,
      2
    ],
    "cores_per_SM": 128,
    "cores_total": 1280
  },
  "games_infos": {
    "1": {
      "black": "MCTS(search_time_limit=2.0, search_steps_limit=inf, vanilla=True, ucb_c=2.0, seed: 0)",
      "white": "MCTSNC(search_time_limit=1.0, search_steps_limit=inf, n_trees=4, n_playouts=32, variant='acp_prodigal', device_memory=2.0, ucb_c=2.0, seed: 0)",
      "initial_state": "|.|.|.|.|.|.|.|\n|.|.|.|.|.|.|.|\n|.|.|.|.|.|.|.|\n|.|.|.|.|.|.|.|\n|.|.|.|.|.|.|.|\n|.|.|.|.|.|.|.|\n 0 1 2 3 4 5 6 ",
      "moves_rounds": {
        "1": {
          "black_best_action_info": {
            "index": 3,
            "name": "3",
            "n_root": 1778,
            "win_flag": false,
            "n": 358,
            "n_wins": 224,
            "q": 0.6256983240223464,
            "ucb": 0.9148551490383559
          },
          "black_performance_info": {
            "steps": 1778,
            "steps_per_second": 888.2468238284716,
            "playouts": 1778,
            "playouts_per_second": 888.2468238284716,
            "times_[ms]": {
              "total": 2001.6958713531494,
              "loop": 2001.6958713531494,
              "reduce_over_actions": 0.0,
              "mean_loop": 1.1258132009860233,
              "mean_select": 0.12784586178036186,
              "mean_expand": 0.15047457408583204,
              "mean_playout": 0.8396198564492946,
              "mean_backup": 0.005623889318064978
            },
            "tree": {
              "initial_n_root": 0,
              "initial_mean_depth": 0.0,
              "initial_max_depth": 0,
              "initial_size": 1,
              "n_root": 1778,
              "mean_depth": 4.77745641520045,
              "max_depth": 6,
              "size": 12447
            }
          },
          "white_best_action_info": {
            "index": 3,
            "name": "3",
            "n_root": 505344,
            "win_flag": false,
            "n": 261312,
            "n_wins": 108238,
            "q": 0.4142098334557923,
            "ucb": 0.42838839597820444
          },
          "white_performance_info": {
            "steps": 564,
            "steps_per_second": 560.9464470673936,
            "playouts": 505344,
            "playouts_per_second": 502608.0165723847,
            "times_[ms]": {
              "total": 1005.4435729980469,
              "loop": 1001.4348030090332,
              "reduce_over_trees": 0.0,
              "reduce_over_actions": 0.9975433349609375,
              "mean_loop": 1.775593622356442,
              "mean_select": 0.2102057139078776,
              "mean_expand": 0.5166741973119424,
              "mean_playout": 0.6399949391682943,
              "mean_backup": 0.4033729539695361
            },
            "trees": {
              "count": 4,
              "mean_depth": 4.554254241580147,
              "max_depth": 7,
              "mean_size": 3949.0,
              "max_size": 3949
            }
          }
        },
        "2": {
          "black_best_action_info": {
            "index": 1,
            "name": "1",
            "n_root": 2102,
            "win_flag": false,
            "n": 378,
            "n_wins": 240,
            "q": 0.6349206349206349,
            "ucb": 0.9194539398297559
          },
          "black_performance_info": {
            "steps": 2102,
            "steps_per_second": 1050.6643328175603,
            "playouts": 2102,
            "playouts_per_second": 1050.6643328175603,
            "times_[ms]": {
              "total": 2000.6389617919922,
              "loop": 2000.6389617919922,
              "reduce_over_actions": 0.0,
              "mean_loop": 0.951778763935296,
              "mean_select": 0.1314592633669315,
              "mean_expand": 0.13965033668205923,
              "mean_playout": 0.6707103676619017,
              "mean_backup": 0.004269870318876461
            },
            "tree": {
              "initial_n_root": 0,
              "initial_mean_depth": 0.0,
              "initial_max_depth": 0,
              "initial_size": 1,
              "n_root": 2102,
              "mean_depth": 4.837600435789187,
              "max_depth": 6,
              "size": 14686
            }
          },
          "white_best_action_info": {
            "index": 2,
            "name": "2",
            "n_root": 542080,
            "win_flag": false,
            "n": 498752,
            "n_wins": 261113,
            "q": 0.5235327377133325,
            "ucb": 0.5338230074638437
          },
          "white_performance_info": {
            "steps": 605,
            "steps_per_second": 604.26050444381,
            "playouts": 542080,
            "playouts_per_second": 541417.4119816538,
            "times_[ms]": {
              "total": 1001.2238025665283,
              "loop": 1000.2262592315674,
              "reduce_over_trees": 0.0,
              "reduce_over_actions": 0.0,
              "mean_loop": 1.653266544184409,
              "mean_select": 0.2312017866402618,
              "mean_expand": 0.48819376417428006,
              "mean_playout": 0.5627569088265916,
              "mean_backup": 0.3645045698181657
            },
            "trees": {
              "count": 4,
              "mean_depth": 5.238432483474976,
              "max_depth": 7,
              "mean_size": 4236.0,
              "max_size": 4236
            }
          }
        },
        "3": {
          "black_best_action_info": {
            "index": 2,
            "name": "2",
            "n_root": 1925,
            "win_flag": false,
            "n": 336,
            "n_wins": 172,
            "q": 0.5119047619047619,
            "ucb": 0.8119579565283686
          },
          "black_performance_info": {
            "steps": 1925,
            "steps_per_second": 962.1768889074264,
            "playouts": 1925,
            "playouts_per_second": 962.1768889074264,
            "times_[ms]": {
              "total": 2000.671625137329,
              "loop": 2000.671625137329,
              "reduce_over_actions": 0.0,
              "mean_loop": 1.039309935136275,
              "mean_select": 0.13011796133858816,
              "mean_expand": 0.24856654080477628,
              "mean_playout": 0.6549336074234603,
              "mean_backup": 0.0041408043403130075
            },
            "tree": {
              "initial_n_root": 0,
              "initial_mean_depth": 0.0,
              "initial_max_depth": 0,
              "initial_size": 1,
              "n_root": 1925,
              "mean_depth": 4.791852181656278,
              "max_depth": 6,
              "size": 13476
            }
          },
          "white_best_action_info": {
            "index": 3,
            "name": "3",
            "n_root": 520736,
            "win_flag": false,
            "n": 340320,
            "n_wins": 187388,
            "q": 0.5506229431123648,
            "ucb": 0.5630613189373989
          },
          "white_performance_info": {
            "steps": 598,
            "steps_per_second": 596.0302868352358,
            "playouts": 520736,
            "playouts_per_second": 519020.7816813267,
            "times_[ms]": {
              "total": 1003.3047199249268,
              "loop": 1000.3235340118408,
              "reduce_over_trees": 0.0,
              "reduce_over_actions": 0.9970664978027344,
              "mean_loop": 1.6727818294512389,
              "mean_select": 0.22008745965351628,
              "mean_expand": 0.4918427770353081,
              "mean_playout": 0.5538834377276061,
              "mean_backup": 0.401994456415591
            },
            "trees": {
              "count": 4,
              "mean_depth": 4.924083446488088,
              "max_depth": 8,
              "mean_size": 4050.5,
              "max_size": 4092
            }
          }
        },
        "4": {
          "black_best_action_info": {
            "index": 3,
            "name": "3",
            "n_root": 2341,
            "win_flag": false,
            "n": 440,
            "n_wins": 210,
            "q": 0.4772727272727273,
            "ucb": 0.7428481482926654
          },
          "black_performance_info": {
            "steps": 2341,
            "steps_per_second": 1170.0865659020742,
            "playouts": 2341,
            "playouts_per_second": 1170.0865659020742,
            "times_[ms]": {
              "total": 2000.706672668457,
              "loop": 2000.706672668457,
              "reduce_over_actions": 0.0,
              "mean_loop": 0.8546376218148044,
              "mean_select": 0.12223519916363325,
              "mean_expand": 0.1256388509848952,
              "mean_playout": 0.5986721074667715,
              "mean_backup": 0.004266684302811132
            },
            "tree": {
              "initial_n_root": 0,
              "initial_mean_depth": 0.0,
              "initial_max_depth": 0,
              "initial_size": 1,
              "n_root": 2341,
              "mean_depth": 4.903074908002245,
              "max_depth": 6,
              "size": 16033
            }
          },
          "white_best_action_info": {
            "index": 2,
            "name": "2",
            "n_root": 529952,
            "win_flag": false,
            "n": 456192,
            "n_wins": 274782,
            "q": 0.6023384890572391,
            "ucb": 0.613088843743084
          },
          "white_performance_info": {
            "steps": 594,
            "steps_per_second": 591.242057121377,
            "playouts": 529952,
            "playouts_per_second": 527491.4320801145,
            "times_[ms]": {
              "total": 1004.6646595001221,
              "loop": 1001.6837120056152,
              "reduce_over_trees": 0.0,
              "reduce_over_actions": 0.9860992431640625,
              "mean_loop": 1.6863362154976687,
              "mean_select": 0.21788528069903956,
              "mean_expand": 0.5020228299227628,
              "mean_playout": 0.5612048235806552,
              "mean_backup": 0.3951972582524874
            },
            "trees": {
              "count": 4,
              "mean_depth": 5.186296408089345,
              "max_depth": 8,
              "mean_size": 4141.25,
              "max_size": 4147
            }
          }
        },
        "5": {
          "black_best_action_info": {
            "index": 6,
            "name": "6",
            "n_root": 2379,
            "win_flag": false,
            "n": 463,
            "n_wins": 204,
            "q": 0.4406047516198704,
            "ucb": 0.6997683091449469
          },
          "black_performance_info": {
            "steps": 2379,
            "steps_per_second": 1188.4920934733188,
            "playouts": 2379,
            "playouts_per_second": 1188.4920934733188,
            "times_[ms]": {
              "total": 2001.6961097717285,
              "loop": 2000.6980895996094,
              "reduce_over_actions": 0.0,
              "mean_loop": 0.8409828035307312,
              "mean_select": 0.1324860675839027,
              "mean_expand": 0.14086208608081333,
              "mean_playout": 0.5601131901013445,
              "mean_backup": 0.003333350298233321
            },
            "tree": {
              "initial_n_root": 0,
              "initial_mean_depth": 0.0,
              "initial_max_depth": 0,
              "initial_size": 1,
              "n_root": 2379,
              "mean_depth": 4.939485995503979,
              "max_depth": 6,
              "size": 16459
            }
          },
          "white_best_action_info": {
            "index": 4,
            "name": "4",
            "n_root": 514400,
            "win_flag": false,
            "n": 350720,
            "n_wins": 227883,
            "q": 0.6497576414233577,
            "ucb": 0.6620045111131122
          },
          "white_performance_info": {
            "steps": 586,
            "steps_per_second": 583.3174072578913,
            "playouts": 514400,
            "playouts_per_second": 512045.1779751865,
            "times_[ms]": {
              "total": 1004.59885597229,
              "loop": 1001.563549041748,
              "reduce_over_trees": 0.0,
              "reduce_over_actions": 1.0039806365966797,
              "mean_loop": 1.7091528140644165,
              "mean_select": 0.20902881036439447,
              "mean_expand": 0.5436712564461874,
              "mean_playout": 0.5313865967578042,
              "mean_backup": 0.42163593370353
            },
            "trees": {
              "count": 4,
              "mean_depth": 5.01134946370666,
              "max_depth": 7,
              "mean_size": 4009.0,
              "max_size": 4018
            }
          }
        },
        "6": {
          "black_best_action_info": {
            "index": 2,
            "name": "2",
            "n_root": 2838,
            "win_flag": false,
            "n": 610,
            "n_wins": 239,
            "q": 0.3918032786885246,
            "ucb": 0.6201380179757758
          },
          "black_performance_info": {
            "steps": 2838,
            "steps_per_second": 1418.5200920079806,
            "playouts": 2838,
            "playouts_per_second": 1418.5200920079806,
            "times_[ms]": {
              "total": 2000.6766319274902,
              "loop": 2000.6766319274902,
              "reduce_over_actions": 0.0,
              "mean_loop": 0.7049600535332946,
              "mean_select": 0.1328594672839519,
              "mean_expand": 0.1377442758464746,
              "mean_playout": 0.42802427250201475,
              "mean_backup": 0.003163036617953816
            },
            "tree": {
              "initial_n_root": 0,
              "initial_mean_depth": 0.0,
              "initial_max_depth": 0,
              "initial_size": 1,
              "n_root": 2838,
              "mean_depth": 5.061647712653733,
              "max_depth": 6,
              "size": 19433
            }
          },
          "white_best_action_info": {
            "index": 1,
            "name": "1",
            "n_root": 515936,
            "win_flag": false,
            "n": 268096,
            "n_wins": 174657,
            "q": 0.6514718608259727,
            "ucb": 0.6654809345945684
          },
          "white_performance_info": {
            "steps": 640,
            "steps_per_second": 638.4997712978981,
            "playouts": 515936,
            "playouts_per_second": 514726.5906318005,
            "times_[ms]": {
              "total": 1002.3496150970459,
              "loop": 1000.3650188446045,
              "reduce_over_trees": 0.0,
              "reduce_over_actions": 0.9860992431640625,
              "mean_loop": 1.5630703419446945,
              "mean_select": 0.2285826951265335,
              "mean_expand": 0.4897482693195343,
              "mean_playout": 0.5114622414112091,
              "mean_backup": 0.3301609307527542
            },
            "trees": {
              "count": 4,
              "mean_depth": 4.716339786844927,
              "max_depth": 7,
              "mean_size": 3964.25,
              "max_size": 4051
            }
          }
        },
        "7": {
          "black_best_action_info": {
            "index": 6,
            "name": "6",
            "n_root": 3383,
            "win_flag": false,
            "n": 789,
            "n_wins": 293,
            "q": 0.37135614702154623,
            "ucb": 0.574331707542323
          },
          "black_performance_info": {
            "steps": 3383,
            "steps_per_second": 1690.9627933687773,
            "playouts": 3383,
            "playouts_per_second": 1690.9627933687773,
            "times_[ms]": {
              "total": 2000.6353855133057,
              "loop": 2000.6353855133057,
              "reduce_over_actions": 0.0,
              "mean_loop": 0.5913790675475334,
              "mean_select": 0.1306227245099651,
              "mean_expand": 0.1167837346477548,
              "mean_playout": 0.33867327447406925,
              "mean_backup": 0.0029419992860167683
            },
            "tree": {
              "initial_n_root": 0,
              "initial_mean_depth": 0.0,
              "initial_max_depth": 0,
              "initial_size": 1,
              "n_root": 3383,
              "mean_depth": 5.137941176470588,
              "max_depth": 7,
              "size": 20400
            }
          },
          "white_best_action_info": {
            "index": 6,
            "name": "6",
            "n_root": 460448,
            "win_flag": false,
            "n": 354336,
            "n_wins": 237399,
            "q": 0.6699827282579247,
            "ucb": 0.6821155105934728
          },
          "white_performance_info": {
            "steps": 619,
            "steps_per_second": 616.971379210783,
            "playouts": 460448,
            "playouts_per_second": 458938.99453125463,
            "times_[ms]": {
              "total": 1003.2880306243896,
              "loop": 1001.2900829315186,
              "reduce_over_trees": 0.0,
              "reduce_over_actions": 1.001596450805664,
              "mean_loop": 1.6175930257375097,
              "mean_select": 0.24683487049404754,
              "mean_expand": 0.4968966729036248,
              "mean_playout": 0.5048453711538977,
              "mean_backup": 0.36578994960507594
            },
            "trees": {
              "count": 4,
              "mean_depth": 4.8951219512195125,
              "max_depth": 7,
              "mean_size": 3485.0,
              "max_size": 3510
            }
          }
        },
        "8": {
          "black_best_action_info": {
            "index": 6,
            "name": "6",
            "n_root": 2653,
            "win_flag": false,
            "n": 526,
            "n_wins": 188,
            "q": 0.3574144486692015,
            "ucb": 0.6022616712159974
          },
          "black_performance_info": {
            "steps": 2653,
            "steps_per_second": 1326.247512665066,
            "playouts": 2653,
            "playouts_per_second": 1326.247512665066,
            "times_[ms]": {
              "total": 2000.3807544708252,
              "loop": 2000.3807544708252,
              "reduce_over_actions": 0.0,
              "mean_loop": 0.7540070691559838,
              "mean_select": 0.13992366726066857,
              "mean_expand": 0.2432735829905119,
              "mean_playout": 0.3651926484235583,
              "mean_backup": 0.002998879752966129
            },
            "tree": {
              "initial_n_root": 0,
              "initial_mean_depth": 0.0,
              "initial_max_depth": 0,
              "initial_size": 1,
              "n_root": 2653,
              "mean_depth": 4.961652288898684,
              "max_depth": 6,
              "size": 15881
            }
          },
          "white_best_action_info": {
            "index": 3,
            "name": "3",
            "n_root": 440864,
            "win_flag": false,
            "n": 141344,
            "n_wins": 92038,
            "q": 0.6511631197645461,
            "ucb": 0.6703411665620925
          },
          "white_performance_info": {
            "steps": 584,
            "steps_per_second": 582.0528869493517,
            "playouts": 440864,
            "playouts_per_second": 439394.11635623116,
            "times_[ms]": {
              "total": 1003.345251083374,
              "loop": 1001.3751983642578,
              "reduce_over_trees": 0.0,
              "reduce_over_actions": 0.9758472442626953,
              "mean_loop": 1.7146835588429072,
              "mean_select": 0.23321011295057323,
              "mean_expand": 0.5530706823688664,
              "mean_playout": 0.5080136534285872,
              "mean_backup": 0.4169467377336058
            },
            "trees": {
              "count": 4,
              "mean_depth": 4.458742925230861,
              "max_depth": 7,
              "mean_size": 3357.0,
              "max_size": 3403
            }
          }
        },
        "9": {
          "black_best_action_info": {
            "index": 0,
            "name": "0",
            "n_root": 2965,
            "win_flag": false,
            "n": 574,
            "n_wins": 205,
            "q": 0.35714285714285715,
            "ucb": 0.5931761671323839
          },
          "black_performance_info": {
            "steps": 2965,
            "steps_per_second": 1482.002678210835,
            "playouts": 2965,
            "playouts_per_second": 1482.002678210835,
            "times_[ms]": {
              "total": 2000.671148300171,
              "loop": 2000.671148300171,
              "reduce_over_actions": 0.0,
              "mean_loop": 0.6747626132546951,
              "mean_select": 0.15538546930477148,
              "mean_expand": 0.13788200751524954,
              "mean_playout": 0.37244222618476136,
              "mean_backup": 0.004682331824986167
            },
            "tree": {
              "initial_n_root": 0,
              "initial_mean_depth": 0.0,
              "initial_max_depth": 0,
              "initial_size": 1,
              "n_root": 2965,
              "mean_depth": 5.082354358696307,
              "max_depth": 6,
              "size": 16599
            }
          },
          "white_best_action_info": {
            "index": 1,
            "name": "1",
            "n_root": 407616,
            "win_flag": false,
            "n": 153536,
            "n_wins": 101558,
            "q": 0.6614605043768237,
            "ucb": 0.6798057648988656
          },
          "white_performance_info": {
            "steps": 572,
            "steps_per_second": 570.110778401137,
            "playouts": 407616,
            "playouts_per_second": 406269.71162370255,
            "times_[ms]": {
              "total": 1003.3137798309326,
              "loop": 1000.3128051757812,
              "reduce_over_trees": 0.0,
              "reduce_over_actions": 0.9975433349609375,
              "mean_loop": 1.74879861044717,
              "mean_select": 0.2321492541920055,
              "mean_expand": 0.5625853171715369,
              "mean_playout": 0.5075156271874488,
              "mean_backup": 0.43096242251096073
            },
            "trees": {
              "count": 4,
              "mean_depth": 4.564262056708943,
              "max_depth": 7,
              "mean_size": 3094.75,
              "max_size": 3136
            }
          }
        },
        "10": {
          "black_best_action_info": {
            "index": 1,
            "name": "1",
            "n_root": 4127,
            "win_flag": false,
            "n": 2311,
            "n_wins": 793,
            "q": 0.34314149718736475,
            "ucb": 0.4631826413652987
          },
          "black_performance_info": {
            "steps": 4127,
            "steps_per_second": 2062.820803754333,
            "playouts": 4127,
            "playouts_per_second": 2062.820803754333,
            "times_[ms]": {
              "total": 2000.6585121154785,
              "loop": 2000.6585121154785,
              "reduce_over_actions": 0.0,
              "mean_loop": 0.4847730826545865,
              "mean_select": 0.1599574337463157,
              "mean_expand": 0.11444062911658244,
              "mean_playout": 0.20410392369315847,
              "mean_backup": 0.0036189132664548535
            },
            "tree": {
              "initial_n_root": 0,
              "initial_mean_depth": 0.0,
              "initial_max_depth": 0,
              "initial_size": 1,
              "n_root": 4127,
              "mean_depth": 5.546295792281313,
              "max_depth": 7,
              "size": 18371
            }
          },
          "white_best_action_info": {
            "index": 2,
            "name": "2",
            "n_root": 403424,
            "win_flag": false,
            "n": 218784,
            "n_wins": 140174,
            "q": 0.6406958461313441,
            "ucb": 0.6560578325961611
          },
          "white_performance_info": {
            "steps": 567,
            "steps_per_second": 565.6835391460407,
            "playouts": 403424,
            "playouts_per_second": 402487.32997610647,
            "times_[ms]": {
              "total": 1002.3272037506104,
              "loop": 1000.3457069396973,
              "reduce_over_trees": 0.0,
              "reduce_over_actions": 0.9980201721191406,
              "mean_loop": 1.7642781427507888,
              "mean_select": 0.20398917021574797,
              "mean_expand": 0.5774586289017288,
              "mean_playout": 0.5119103393016459,
              "mean_backup": 0.4620417505765508
            },
            "trees": {
              "count": 4,
              "mean_depth": 4.535017407497369,
              "max_depth": 7,
              "mean_size": 3087.75,
              "max_size": 3110
            }
          }
        },
        "11": {
          "black_best_action_info": {
            "index": 5,
            "name": "5",
            "n_root": 4419,
            "win_flag": false,
            "n": 953,
            "n_wins": 339,
            "q": 0.35571878279118574,
            "ucb": 0.5434167016152207
          },
          "black_performance_info": {
            "steps": 4419,
            "steps_per_second": 2209.2671851883283,
            "playouts": 4419,
            "playouts_per_second": 2209.2671851883283,
            "times_[ms]": {
              "total": 2000.2107620239258,
              "loop": 2000.2107620239258,
              "reduce_over_actions": 0.0,
              "mean_loop": 0.45263877846207873,
              "mean_select": 0.12661612770303285,
              "mean_expand": 0.11004282624831052,
              "mean_playout": 0.21012062992977323,
              "mean_backup": 0.00248831519985609
            },
            "tree": {
              "initial_n_root": 0,
              "initial_mean_depth": 0.0,
              "initial_max_depth": 0,
              "initial_size": 1,
              "n_root": 4419,
              "mean_depth": 5.395504636147386,
              "max_depth": 7,
              "size": 20599
            }
          },
          "white_best_action_info": {
            "index": 5,
            "name": "5",
            "n_root": 350624,
            "win_flag": false,
            "n": 247328,
            "n_wins": 185835,
            "q": 0.751370649501876,
            "ucb": 0.7657402856262561
          },
          "white_performance_info": {
            "steps": 630,
            "steps_per_second": 629.1277747130498,
            "playouts": 350624,
            "playouts_per_second": 350138.56647775933,
            "times_[ms]": {
              "total": 1001.3864040374756,
              "loop": 1000.3886222839355,
              "reduce_over_trees": 0.0,
              "reduce_over_actions": 0.0,
              "mean_loop": 1.587918448069739,
              "mean_select": 0.2072451606629387,
              "mean_expand": 0.5218907008095394,
              "mean_playout": 0.45218997531467015,
              "mean_backup": 0.39867711445641896
            },
            "trees": {
              "count": 4,
              "mean_depth": 4.867905774773879,
              "max_depth": 8,
              "mean_size": 2515.25,
              "max_size": 2566
            }
          }
        },
        "12": {
          "black_best_action_info": {
            "index": 5,
            "name": "5",
            "n_root": 4173,
            "win_flag": false,
            "n": 1789,
            "n_wins": 687,
            "q": 0.3840134153158189,
            "ucb": 0.5205389386235817
          },
          "black_performance_info": {
            "steps": 4173,
            "steps_per_second": 2085.8040364387043,
            "playouts": 4173,
            "playouts_per_second": 2085.8040364387043,
            "times_[ms]": {
              "total": 2000.6673336029053,
              "loop": 2000.6673336029053,
              "reduce_over_actions": 0.0,
              "mean_loop": 0.47943142429976165,
              "mean_select": 0.19685095972846858,
              "mean_expand": 0.09980020036292882,
              "mean_playout": 0.17775833363902102,
              "mean_backup": 0.0026252325164480457
            },
            "tree": {
              "initial_n_root": 0,
              "initial_mean_depth": 0.0,
              "initial_max_depth": 0,
              "initial_size": 1,
              "n_root": 4173,
              "mean_depth": 5.56523448469531,
              "max_depth": 8,
              "size": 17805
            }
          },
          "white_best_action_info": {
            "index": 4,
            "name": "4",
            "n_root": 203968,
            "win_flag": false,
            "n": 196736,
            "n_wins": 154574,
            "q": 0.7856925016265452,
            "ucb": 0.8014586377242048
          },
          "white_performance_info": {
            "steps": 657,
            "steps_per_second": 655.6339604424699,
            "playouts": 203968,
            "playouts_per_second": 203543.90813322633,
            "times_[ms]": {
              "total": 1002.0835399627686,
              "loop": 1001.0883808135986,
              "reduce_over_trees": 0.0,
              "reduce_over_actions": 0.0,
              "mean_loop": 1.5237266070222202,
              "mean_select": 0.20800297300202297,
              "mean_expand": 0.49350831425171826,
              "mean_playout": 0.41752101079514037,
              "mean_backup": 0.3925280665335227
            },
            "trees": {
              "count": 4,
              "mean_depth": 5.414721723518851,
              "max_depth": 8,
              "mean_size": 1114.0,
              "max_size": 1174
            }
          }
        },
        "13": {
          "black_best_action_info": {
            "index": 4,
            "name": "4",
            "n_root": 5423,
            "win_flag": false,
            "n": 1909,
            "n_wins": 480,
            "q": 0.25144054478784705,
            "ucb": 0.38566633398959854
          },
          "black_performance_info": {
            "steps": 5423,
            "steps_per_second": 2710.6188219157025,
            "playouts": 5423,
            "playouts_per_second": 2710.6188219157025,
            "times_[ms]": {
              "total": 2000.65016746521,
              "loop": 2000.65016746521,
              "reduce_over_actions": 0.0,
              "mean_loop": 0.3689194481772469,
              "mean_select": 0.13334742775927078,
              "mean_expand": 0.07962661762860083,
              "mean_playout": 0.15153639566715893,
              "mean_backup": 0.001474036164506212
            },
            "tree": {
              "initial_n_root": 0,
              "initial_mean_depth": 0.0,
              "initial_max_depth": 0,
              "initial_size": 1,
              "n_root": 5423,
              "mean_depth": 5.689706746434485,
              "max_depth": 8,
              "size": 18721
            }
          },
          "white_best_action_info": {
            "index": 4,
            "name": "4",
            "n_root": 360832,
            "win_flag": false,
            "n": 353664,
            "n_wins": 258914,
            "q": 0.7320903456387984,
            "ucb": 0.7441205922697289
          },
          "white_performance_info": {
            "steps": 640,
            "steps_per_second": 639.1533432066783,
            "playouts": 360832,
            "playouts_per_second": 360354.6548999252,
            "times_[ms]": {
              "total": 1001.3246536254883,
              "loop": 1000.3225803375244,
              "reduce_over_trees": 0.0,
              "reduce_over_actions": 0.0,
              "mean_loop": 1.563004031777382,
              "mean_select": 0.19818097352981567,
              "mean_expand": 0.5064420402050018,
              "mean_playout": 0.4815928637981415,
              "mean_backup": 0.37366636097431183
            },
            "trees": {
              "count": 4,
              "mean_depth": 5.420192670948243,
              "max_depth": 8,
              "mean_size": 2647.0,
              "max_size": 2715
            }
          }
        },
        "14": {
          "black_best_action_info": {
            "index": 5,
            "name": "5",
            "n_root": 4022,
            "win_flag": false,
            "n": 702,
            "n_wins": 106,
            "q": 0.150997150997151,
            "ucb": 0.36846161998588123
          },
          "black_performance_info": {
            "steps": 4022,
            "steps_per_second": 2010.2825048185077,
            "playouts": 4022,
            "playouts_per_second": 2010.2825048185077,
            "times_[ms]": {
              "total": 2000.71382522583,
              "loop": 2000.71382522583,
              "reduce_over_actions": 0.0,
              "mean_loop": 0.49744252243307563,
              "mean_select": 0.1425355420902201,
              "mean_expand": 0.11785554387923913,
              "mean_playout": 0.2318537098919201,
              "mean_backup": 0.002473103709626352
            },
            "tree": {
              "initial_n_root": 0,
              "initial_mean_depth": 0.0,
              "initial_max_depth": 0,
              "initial_size": 1,
              "n_root": 4022,
              "mean_depth": 5.28418632012407,
              "max_depth": 7,
              "size": 18699
            }
          },
          "white_best_action_info": {
            "index": 5,
            "name": "5",
            "n_root": 177632,
            "win_flag": false,
            "n": 138304,
            "n_wins": 118999,
            "q": 0.8604161846367423,
            "ucb": 0.8791135457879342
          },
          "white_performance_info": {
            "steps": 504,
            "steps_per_second": 502.3713042746718,
            "playouts": 177632,
            "playouts_per_second": 177057.97523991767,
            "times_[ms]": {
              "total": 1003.242015838623,
              "loop": 1001.2223720550537,
              "reduce_over_trees": 0.0,
              "reduce_over_actions": 0.9975433349609375,
              "mean_loop": 1.9865523255060589,
              "mean_select": 0.24257245517912365,
              "mean_expand": 0.6869605609348842,
              "mean_playout": 0.6130389750949921,
              "mean_backup": 0.4380236542414105
            },
            "trees": {
              "count": 4,
              "mean_depth": 4.262997658079625,
              "max_depth": 6,
              "mean_size": 1067.5,
              "max_size": 1095
            }
          }
        },
        "15": {
          "black_best_action_info": {
            "index": 4,
            "name": "4",
            "n_root": 6993,
            "win_flag": false,
            "n": 1420,
            "n_wins": 106,
            "q": 0.07464788732394366,
            "ucb": 0.23256268809762404
          },
          "black_performance_info": {
            "steps": 6993,
            "steps_per_second": 3495.3695457485182,
            "playouts": 6993,
            "playouts_per_second": 3495.3695457485182,
            "times_[ms]": {
              "total": 2000.6468296051025,
              "loop": 2000.6468296051025,
              "reduce_over_actions": 0.0,
              "mean_loop": 0.2860927827263124,
              "mean_select": 0.11548848686070975,
              "mean_expand": 0.07104375886419344,
              "mean_playout": 0.0928612579079498,
              "mean_backup": 0.0034227879896672623
            },
            "tree": {
              "initial_n_root": 0,
              "initial_mean_depth": 0.0,
              "initial_max_depth": 0,
              "initial_size": 1,
              "n_root": 6993,
              "mean_depth": 5.586551909628833,
              "max_depth": 7,
              "size": 18590
            }
          },
          "white_best_action_info": {
            "index": 3,
            "name": "3",
            "n_root": 212192,
            "win_flag": false,
            "n": 91776,
            "n_wins": 74121,
            "q": 0.8076294456066946,
            "ucb": 0.8307502840352151
          },
          "white_performance_info": {
            "steps": 468,
            "steps_per_second": 465.92238560249245,
            "playouts": 212192,
            "playouts_per_second": 211250.0060806925,
            "times_[ms]": {
              "total": 1004.4591426849365,
              "loop": 1002.5691986083984,
              "reduce_over_trees": 0.0,
              "reduce_over_actions": 0.9028911590576172,
              "mean_loop": 2.142241877368373,
              "mean_select": 0.2607331316695254,
              "mean_expand": 0.7934774089063334,
              "mean_playout": 0.6301214552333212,
              "mean_backup": 0.4449695603460328
            },
            "trees": {
              "count": 4,
              "mean_depth": 4.1634312261489965,
              "max_depth": 7,
              "mean_size": 1506.75,
              "max_size": 1552
            }
          }
        },
        "16": {
          "black_best_action_info": {
            "index": 2,
            "name": "2",
            "n_root": 5946,
            "win_flag": false,
            "n": 1156,
            "n_wins": 98,
            "q": 0.0847750865051903,
            "ucb": 0.2581845565550379
          },
          "black_performance_info": {
            "steps": 5946,
            "steps_per_second": 2972.0147146080344,
            "playouts": 5946,
            "playouts_per_second": 2972.0147146080344,
            "times_[ms]": {
              "total": 2000.6630420684814,
              "loop": 2000.6630420684814,
              "reduce_over_actions": 0.0,
              "mean_loop": 0.33647208914707055,
              "mean_select": 0.11447592291653938,
              "mean_expand": 0.11558661828167784,
              "mean_playout": 0.09733865528125936,
              "mean_backup": 0.004864003655888839
            },
            "tree": {
              "initial_n_root": 0,
              "initial_mean_depth": 0.0,
              "initial_max_depth": 0,
              "initial_size": 1,
              "n_root": 5946,
              "mean_depth": 5.971071087025821,
              "max_depth": 10,
              "size": 12548
            }
          },
          "white_best_action_info": {
            "index": 4,
            "name": "4",
            "n_root": 105152,
            "win_flag": false,
            "n": 46400,
            "n_wins": 38233,
            "q": 0.8239870689655172,
            "ucb": 0.8555595938519851
          },
          "white_performance_info": {
            "steps": 445,
            "steps_per_second": 443.553426903103,
            "playouts": 105152,
            "playouts_per_second": 104810.17965329233,
            "times_[ms]": {
              "total": 1003.2613277435303,
              "loop": 1001.2795925140381,
              "reduce_over_trees": 0.0,
              "reduce_over_actions": 0.9975433349609375,
              "mean_loop": 2.2500665000315463,
              "mean_select": 0.29376812195510005,
              "mean_expand": 0.8071133259976848,
              "mean_playout": 0.6245677390795076,
              "mean_backup": 0.5109331581029999
            },
            "trees": {
              "count": 4,
              "mean_depth": 4.407559198542805,
              "max_depth": 11,
              "mean_size": 549.0,
              "max_size": 566
            }
          }
        },
        "17": {
          "black_best_action_info": {
            "index": 1,
            "name": "1",
            "n_root": 20999,
            "win_flag": false,
            "n": 5661,
            "n_wins": 110,
            "q": 0.01943119590178414,
            "ucb": 0.10328902638457041
          },
          "black_performance_info": {
            "steps": 20999,
            "steps_per_second": 10496.157939212842,
            "playouts": 20999,
            "playouts_per_second": 10496.157939212842,
            "times_[ms]": {
              "total": 2000.6368160247803,
              "loop": 2000.6368160247803,
              "reduce_over_actions": 0.0,
              "mean_loop": 0.09527295661816183,
              "mean_select": 0.07779926701701081,
              "mean_expand": 0.006788826833492722,
              "mean_playout": 0.006366692314182465,
              "mean_backup": 0.002512392972082097
            },
            "tree": {
              "initial_n_root": 0,
              "initial_mean_depth": 0.0,
              "initial_max_depth": 0,
              "initial_size": 1,
              "n_root": 20999,
              "mean_depth": 6.888675623800384,
              "max_depth": 10,
              "size": 2605
            }
          },
          "white_best_action_info": {
            "index": 5,
            "name": "5",
            "n_root": 73536,
            "win_flag": false,
            "n": 34752,
            "n_wins": 32827,
            "q": 0.9446075046040515,
            "ucb": 0.9805208863719967
          },
          "white_performance_info": {
            "steps": 503,
            "steps_per_second": 501.3498728288645,
            "playouts": 73536,
            "playouts_per_second": 73294.75993706437,
            "times_[ms]": {
              "total": 1003.2913684844971,
              "loop": 1001.4567375183105,
              "reduce_over_trees": 0.8373260498046875,
              "reduce_over_actions": 0.0,
              "mean_loop": 1.9909676690224862,
              "mean_select": 0.25086279654834664,
              "mean_expand": 0.7151201752497709,
              "mean_playout": 0.5726932768319284,
              "mean_backup": 0.43453516116436147
            },
            "trees": {
              "count": 4,
              "mean_depth": 3.915289256198347,
              "max_depth": 9,
              "mean_size": 121.0,
              "max_size": 137
            }
          }
        },
        "18": {
          "black_best_action_info": {
            "index": 0,
            "name": "0",
            "n_root": 33314,
            "win_flag": false,
            "n": 11455,
            "n_wins": 40,
            "q": 0.003491924923614142,
            "ucb": 0.06379447365799838
          },
          "black_performance_info": {
            "steps": 33314,
            "steps_per_second": 16651.40626348847,
            "playouts": 33314,
            "playouts_per_second": 16651.40626348847,
            "times_[ms]": {
              "total": 2000.6718635559082,
              "loop": 2000.6718635559082,
              "reduce_over_actions": 0.0,
              "mean_loop": 0.060054987799601015,
              "mean_select": 0.05361705637353161,
              "mean_expand": 0.0012874417197069514,
              "mean_playout": 0.0006286595673122247,
              "mean_backup": 0.0024562252163994372
            },
            "tree": {
              "initial_n_root": 0,
              "initial_mean_depth": 0.0,
              "initial_max_depth": 0,
              "initial_size": 1,
              "n_root": 33314,
              "mean_depth": 5.634831460674158,
              "max_depth": 8,
              "size": 178
            }
          },
          "white_best_action_info": {
            "index": 0,
            "name": "0",
            "n_root": 62592,
            "win_flag": true,
            "n": 60448,
            "n_wins": 60448,
            "q": 1.0,
            "ucb": 1.027033977544202
          },
          "white_performance_info": {
            "steps": 479,
            "steps_per_second": 476.46991682350796,
            "playouts": 62592,
            "playouts_per_second": 62261.38837957622,
            "times_[ms]": {
              "total": 1005.31005859375,
              "loop": 1001.3320446014404,
              "reduce_over_trees": 0.9939670562744141,
              "reduce_over_actions": 0.9903907775878906,
              "mean_loop": 2.0904635586668903,
              "mean_select": 0.3039403847712316,
              "mean_expand": 0.7286654135877255,
              "mean_playout": 0.5792113087122525,
              "mean_backup": 0.4682446322510785
            },
            "trees": {
              "count": 4,
              "mean_depth": 2.5,
              "max_depth": 5,
              "mean_size": 18.0,
              "max_size": 22
            }
          }
        }
      },
      "outcome": -1,
      "outcome_message": "WHITE WINS"
    },
    "2": {
      "black": "MCTSNC(search_time_limit=1.0, search_steps_limit=inf, n_trees=4, n_playouts=32, variant='acp_prodigal', device_memory=2.0, ucb_c=2.0, seed: 0)",
      "white": "MCTS(search_time_limit=2.0, search_steps_limit=inf, vanilla=True, ucb_c=2.0, seed: 0)",
      "initial_state": "|.|.|.|.|.|.|.|\n|.|.|.|.|.|.|.|\n|.|.|.|.|.|.|.|\n|.|.|.|.|.|.|.|\n|.|.|.|.|.|.|.|\n|.|.|.|.|.|.|.|\n 0 1 2 3 4 5 6 ",
      "moves_rounds": {
        "1": {
          "black_best_action_info": {
            "index": 3,
            "name": "3",
            "n_root": 386176,
            "win_flag": false,
            "n": 295136,
            "n_wins": 188574,
            "q": 0.6389393364415049,
            "ucb": 0.6521434039665843
          },
          "black_performance_info": {
            "steps": 431,
            "steps_per_second": 429.1490833953329,
            "playouts": 386176,
            "playouts_per_second": 384517.5787222183,
            "times_[ms]": {
              "total": 1004.3129920959473,
              "loop": 1001.3060569763184,
              "reduce_over_trees": 0.0,
              "reduce_over_actions": 0.9958744049072266,
              "mean_loop": 2.323215909457815,
              "mean_select": 0.22500352350575742,
              "mean_expand": 0.7651803664984117,
              "mean_playout": 0.9329014753797491,
              "mean_backup": 0.3978027821693509
            },
            "trees": {
              "count": 4,
              "mean_depth": 4.688121272365805,
              "max_depth": 7,
              "mean_size": 3018.0,
              "max_size": 3018
            }
          },
          "white_best_action_info": {
            "index": 4,
            "name": "4",
            "n_root": 1954,
            "win_flag": false,
            "n": 341,
            "n_wins": 134,
            "q": 0.39296187683284456,
            "ucb": 0.6911014421079631
          },
          "white_performance_info": {
            "steps": 1954,
            "steps_per_second": 976.1980813766996,
            "playouts": 1954,
            "playouts_per_second": 976.1980813766996,
            "times_[ms]": {
              "total": 2001.6429424285889,
              "loop": 2001.6429424285889,
              "reduce_over_actions": 0.0,
              "mean_loop": 1.0243822632694928,
              "mean_select": 0.13525215117689776,
              "mean_expand": 0.12759066652983214,
              "mean_playout": 0.7559250174671747,
              "mean_backup": 0.004083131694500863
            },
            "tree": {
              "initial_n_root": 0,
              "initial_mean_depth": 0.0,
              "initial_max_depth": 0,
              "initial_size": 1,
              "n_root": 1954,
              "mean_depth": 4.8082462168287154,
              "max_depth": 6,
              "size": 13679
            }
          }
        },
        "2": {
          "black_best_action_info": {
            "index": 3,
            "name": "3",
            "n_root": 353152,
            "win_flag": false,
            "n": 177664,
            "n_wins": 115422,
            "q": 0.6496645353025937,
            "ucb": 0.6666237152409031
          },
          "black_performance_info": {
            "steps": 395,
            "steps_per_second": 393.7082911029178,
            "playouts": 353152,
            "playouts_per_second": 351997.1403027282,
            "times_[ms]": {
              "total": 1003.2808780670166,
              "loop": 1000.403881072998,
              "reduce_over_trees": 0.0,
              "reduce_over_actions": 1.9042491912841797,
              "mean_loop": 2.532668053349362,
              "mean_select": 0.29970422575745403,
              "mean_expand": 0.8273529101021683,
              "mean_playout": 0.8998013749907289,
              "mean_backup": 0.4879293562490729
            },
            "trees": {
              "count": 4,
              "mean_depth": 4.396248640811888,
              "max_depth": 7,
              "mean_size": 2759.0,
              "max_size": 2766
            }
          },
          "white_best_action_info": {
            "index": 3,
            "name": "3",
            "n_root": 2156,
            "win_flag": false,
            "n": 653,
            "n_wins": 276,
            "q": 0.4226646248085758,
            "ucb": 0.6395055087667596
          },
          "white_performance_info": {
            "steps": 2156,
            "steps_per_second": 1077.6419682305504,
            "playouts": 2156,
            "playouts_per_second": 1077.6419682305504,
            "times_[ms]": {
              "total": 2000.664472579956,
              "loop": 2000.664472579956,
              "reduce_over_actions": 0.0,
              "mean_loop": 0.9279519817161206,
              "mean_select": 0.12783725540359298,
              "mean_expand": 0.13229466546223204,
              "mean_playout": 0.6631760959943725,
              "mean_backup": 0.002793456273972435
            },
            "tree": {
              "initial_n_root": 0,
              "initial_mean_depth": 0.0,
              "initial_max_depth": 0,
              "initial_size": 1,
              "n_root": 2156,
              "mean_depth": 4.94980539524896,
              "max_depth": 6,
              "size": 14902
            }
          }
        },
        "3": {
          "black_best_action_info": {
            "index": 4,
            "name": "4",
            "n_root": 348352,
            "win_flag": false,
            "n": 97888,
            "n_wins": 59220,
            "q": 0.6049771167048055,
            "ucb": 0.6278124361013001
          },
          "black_performance_info": {
            "steps": 389,
            "steps_per_second": 386.96007295297073,
            "playouts": 348352,
            "playouts_per_second": 346525.23221931426,
            "times_[ms]": {
              "total": 1005.2716732025146,
              "loop": 1002.2933483123779,
              "reduce_over_trees": 0.9975433349609375,
              "reduce_over_actions": 0.9973049163818359,
              "mean_loop": 2.576589584350586,
              "mean_select": 0.26208637306193766,
              "mean_expand": 0.8376036940626129,
              "mean_playout": 0.9096012017414319,
              "mean_backup": 0.5408032081427488
            },
            "trees": {
              "count": 4,
              "mean_depth": 4.188705234159779,
              "max_depth": 6,
              "mean_size": 2722.5,
              "max_size": 2724
            }
          },
          "white_best_action_info": {
            "index": 3,
            "name": "3",
            "n_root": 2348,
            "win_flag": false,
            "n": 485,
            "n_wins": 196,
            "q": 0.4041237113402062,
            "ucb": 0.6571274264174161
          },
          "white_performance_info": {
            "steps": 2348,
            "steps_per_second": 1173.5895252624607,
            "playouts": 2348,
            "playouts_per_second": 1173.5895252624607,
            "times_[ms]": {
              "total": 2000.699520111084,
              "loop": 2000.699520111084,
              "reduce_over_actions": 0.0,
              "mean_loop": 0.8520866780711601,
              "mean_select": 0.12490310701438474,
              "mean_expand": 0.14437717311020806,
              "mean_playout": 0.5751739571813425,
              "mean_backup": 0.0025496978369847676
            },
            "tree": {
              "initial_n_root": 0,
              "initial_mean_depth": 0.0,
              "initial_max_depth": 0,
              "initial_size": 1,
              "n_root": 2348,
              "mean_depth": 4.946779909568618,
              "max_depth": 6,
              "size": 16366
            }
          }
        },
        "4": {
          "black_best_action_info": {
            "index": 3,
            "name": "3",
            "n_root": 364288,
            "win_flag": false,
            "n": 155040,
            "n_wins": 94131,
            "q": 0.607140092879257,
            "ucb": 0.6253165726820941
          },
          "black_performance_info": {
            "steps": 419,
            "steps_per_second": 417.61879160947643,
            "playouts": 364288,
            "playouts_per_second": 363087.1464387421,
            "times_[ms]": {
              "total": 1003.3073425292969,
              "loop": 1000.338077545166,
              "reduce_over_trees": 0.0,
              "reduce_over_actions": 0.9832382202148438,
              "mean_loop": 2.387441712518296,
              "mean_select": 0.2624698356683044,
              "mean_expand": 0.8013060667634295,
              "mean_playout": 0.8691956149080773,
              "mean_backup": 0.4351042335528463
            },
            "trees": {
              "count": 4,
              "mean_depth": 4.3824978012313105,
              "max_depth": 6,
              "mean_size": 2842.5,
              "max_size": 2859
            }
          },
          "white_best_action_info": {
            "index": 4,
            "name": "4",
            "n_root": 2557,
            "win_flag": false,
            "n": 655,
            "n_wins": 302,
            "q": 0.46106870229007635,
            "ucb": 0.679970750520182
          },
          "white_performance_info": {
            "steps": 2557,
            "steps_per_second": 1278.052074301428,
            "playouts": 2557,
            "playouts_per_second": 1278.052074301428,
            "times_[ms]": {
              "total": 2000.7009506225586,
              "loop": 2000.7009506225586,
              "reduce_over_actions": 0.0,
              "mean_loop": 0.7824407315692447,
              "mean_select": 0.1229548016049501,
              "mean_expand": 0.11977321429321623,
              "mean_playout": 0.531921360611123,
              "mean_backup": 0.0042914411823032515
            },
            "tree": {
              "initial_n_root": 0,
              "initial_mean_depth": 0.0,
              "initial_max_depth": 0,
              "initial_size": 1,
              "n_root": 2557,
              "mean_depth": 5.058579636320559,
              "max_depth": 6,
              "size": 16883
            }
          }
        },
        "5": {
          "black_best_action_info": {
            "index": 6,
            "name": "6",
            "n_root": 370912,
            "win_flag": false,
            "n": 169760,
            "n_wins": 98048,
            "q": 0.5775683317624882,
            "ucb": 0.5949511155285672
          },
          "black_performance_info": {
            "steps": 428,
            "steps_per_second": 426.47632699964294,
            "playouts": 370912,
            "playouts_per_second": 369591.5593460083,
            "times_[ms]": {
              "total": 1003.5727024078369,
              "loop": 1001.5335083007812,
              "reduce_over_trees": 0.0,
              "reduce_over_actions": 1.0418891906738281,
              "mean_loop": 2.3400315614504237,
              "mean_select": 0.23214226571198937,
              "mean_expand": 0.7864894153915833,
              "mean_playout": 0.8537969856618721,
              "mean_backup": 0.45811071574130907
            },
            "trees": {
              "count": 4,
              "mean_depth": 4.4061421670117324,
              "max_depth": 6,
              "mean_size": 2898.0,
              "max_size": 2905
            }
          },
          "white_best_action_info": {
            "index": 6,
            "name": "6",
            "n_root": 2270,
            "win_flag": false,
            "n": 606,
            "n_wins": 297,
            "q": 0.4900990099009901,
            "ucb": 0.7159459324223723
          },
          "white_performance_info": {
            "steps": 2270,
            "steps_per_second": 1134.6721213791104,
            "playouts": 2270,
            "playouts_per_second": 1134.6721213791104,
            "times_[ms]": {
              "total": 2000.5779266357422,
              "loop": 2000.5779266357422,
              "reduce_over_actions": 0.0,
              "mean_loop": 0.8813118619540714,
              "mean_select": 0.13398325915903772,
              "mean_expand": 0.12288933808582995,
              "mean_playout": 0.6174072820184514,
              "mean_backup": 0.00483265007119872
            },
            "tree": {
              "initial_n_root": 0,
              "initial_mean_depth": 0.0,
              "initial_max_depth": 0,
              "initial_size": 1,
              "n_root": 2270,
              "mean_depth": 4.990906659534635,
              "max_depth": 6,
              "size": 14956
            }
          }
        },
        "6": {
          "black_best_action_info": {
            "index": 6,
            "name": "6",
            "n_root": 367680,
            "win_flag": false,
            "n": 120576,
            "n_wins": 68866,
            "q": 0.5711418524416136,
            "ucb": 0.5917604122622666
          },
          "black_performance_info": {
            "steps": 423,
            "steps_per_second": 420.70784007041715,
            "playouts": 367680,
            "playouts_per_second": 365687.60907113703,
            "times_[ms]": {
              "total": 1005.4483413696289,
              "loop": 1002.3975372314453,
              "reduce_over_trees": 0.0,
              "reduce_over_actions": 1.0912418365478516,
              "mean_loop": 2.3697341305707926,
              "mean_select": 0.27061805093823876,
              "mean_expand": 0.804565195214382,
              "mean_playout": 0.8603979791591635,
              "mean_backup": 0.41302721551124083
            },
            "trees": {
              "count": 4,
              "mean_depth": 4.374521406195615,
              "max_depth": 6,
              "mean_size": 2873.0,
              "max_size": 2875
            }
          },
          "white_best_action_info": {
            "index": 4,
            "name": "4",
            "n_root": 2590,
            "win_flag": false,
            "n": 544,
            "n_wins": 247,
            "q": 0.4540441176470588,
            "ucb": 0.6944392145355791
          },
          "white_performance_info": {
            "steps": 2590,
            "steps_per_second": 1294.5873300408687,
            "playouts": 2590,
            "playouts_per_second": 1294.5873300408687,
            "times_[ms]": {
              "total": 2000.6375312805176,
              "loop": 2000.6375312805176,
              "reduce_over_actions": 0.0,
              "mean_loop": 0.7724469232743311,
              "mean_select": 0.12699747637892322,
              "mean_expand": 0.13028921768011734,
              "mean_playout": 0.5086108984634222,
              "mean_backup": 0.0050092756057798175
            },
            "tree": {
              "initial_n_root": 0,
              "initial_mean_depth": 0.0,
              "initial_max_depth": 0,
              "initial_size": 1,
              "n_root": 2590,
              "mean_depth": 5.041654392270076,
              "max_depth": 6,
              "size": 16973
            }
          }
        },
        "7": {
          "black_best_action_info": {
            "index": 6,
            "name": "6",
            "n_root": 353376,
            "win_flag": false,
            "n": 187776,
            "n_wins": 107481,
            "q": 0.5723894427402862,
            "ucb": 0.5888860753447901
          },
          "black_performance_info": {
            "steps": 433,
            "steps_per_second": 431.5528490966453,
            "playouts": 353376,
            "playouts_per_second": 352194.9644396677,
            "times_[ms]": {
              "total": 1003.3533573150635,
              "loop": 1000.3714561462402,
              "reduce_over_trees": 0.0,
              "reduce_over_actions": 1.004934310913086,
              "mean_loop": 2.3103266885594462,
              "mean_select": 0.2487261906507109,
              "mean_expand": 0.791150482917768,
              "mean_playout": 0.7863953262223382,
              "mean_backup": 0.46828162036922183
            },
            "trees": {
              "count": 4,
              "mean_depth": 4.57473358229347,
              "max_depth": 7,
              "mean_size": 2744.75,
              "max_size": 2775
            }
          },
          "white_best_action_info": {
            "index": 4,
            "name": "4",
            "n_root": 3471,
            "win_flag": false,
            "n": 1020,
            "n_wins": 515,
            "q": 0.5049019607843137,
            "ucb": 0.6837018600677633
          },
          "white_performance_info": {
            "steps": 3471,
            "steps_per_second": 1734.9147052030892,
            "playouts": 3471,
            "playouts_per_second": 1734.9147052030892,
            "times_[ms]": {
              "total": 2000.6747245788574,
              "loop": 2000.6747245788574,
              "reduce_over_actions": 0.0,
              "mean_loop": 0.5763972124975101,
              "mean_select": 0.13759863613593548,
              "mean_expand": 0.11980234803881434,
              "mean_playout": 0.3118277351645357,
              "mean_backup": 0.004298815429124802
            },
            "tree": {
              "initial_n_root": 0,
              "initial_mean_depth": 0.0,
              "initial_max_depth": 0,
              "initial_size": 1,
              "n_root": 3471,
              "mean_depth": 5.29468216670789,
              "max_depth": 7,
              "size": 20215
            }
          }
        },
        "8": {
          "black_best_action_info": {
            "index": 4,
            "name": "4",
            "n_root": 278624,
            "win_flag": false,
            "n": 266432,
            "n_wins": 168144,
            "q": 0.6310953639202498,
            "ucb": 0.6448150548626009
          },
          "black_performance_info": {
            "steps": 446,
            "steps_per_second": 444.43178025537026,
            "playouts": 278624,
            "playouts_per_second": 277644.3056992652,
            "times_[ms]": {
              "total": 1003.5285949707031,
              "loop": 1000.5302429199219,
              "reduce_over_trees": 0.0,
              "reduce_over_actions": 1.0025501251220703,
              "mean_loop": 2.24334135183839,
              "mean_select": 0.27171057970534523,
              "mean_expand": 0.7877740090203392,
              "mean_playout": 0.7719298649261885,
              "mean_backup": 0.4032235509076995
            },
            "trees": {
              "count": 4,
              "mean_depth": 5.777489075233259,
              "max_depth": 9,
              "mean_size": 2116.75,
              "max_size": 2141
            }
          },
          "white_best_action_info": {
            "index": 1,
            "name": "1",
            "n_root": 3877,
            "win_flag": false,
            "n": 1208,
            "n_wins": 499,
            "q": 0.41307947019867547,
            "ucb": 0.5784890255020657
          },
          "white_performance_info": {
            "steps": 3877,
            "steps_per_second": 1937.8693371664924,
            "playouts": 3877,
            "playouts_per_second": 1937.8693371664924,
            "times_[ms]": {
              "total": 2000.6508827209473,
              "loop": 2000.6508827209473,
              "reduce_over_actions": 0.0,
              "mean_loop": 0.5160306635854907,
              "mean_select": 0.12888058516546902,
              "mean_expand": 0.12062744040264123,
              "mean_playout": 0.2611207998933514,
              "mean_backup": 0.0025766671303470387
            },
            "tree": {
              "initial_n_root": 0,
              "initial_mean_depth": 0.0,
              "initial_max_depth": 0,
              "initial_size": 1,
              "n_root": 3877,
              "mean_depth": 5.650657308961399,
              "max_depth": 8,
              "size": 19093
            }
          }
        },
        "9": {
          "black_best_action_info": {
            "index": 1,
            "name": "1",
            "n_root": 259328,
            "win_flag": false,
            "n": 175968,
            "n_wins": 112021,
            "q": 0.6365986997635934,
            "ucb": 0.653432186329802
          },
          "black_performance_info": {
            "steps": 441,
            "steps_per_second": 438.65606884599293,
            "playouts": 259328,
            "playouts_per_second": 257949.66218071125,
            "times_[ms]": {
              "total": 1005.3434371948242,
              "loop": 1002.3171901702881,
              "reduce_over_trees": 0.0,
              "reduce_over_actions": 1.02996826171875,
              "mean_loop": 2.272828095624236,
              "mean_select": 0.23802013353966261,
              "mean_expand": 0.8233512610264646,
              "mean_playout": 0.7499480734066087,
              "mean_backup": 0.436070284335251
            },
            "trees": {
              "count": 4,
              "mean_depth": 4.795416720010242,
              "max_depth": 7,
              "mean_size": 1952.75,
              "max_size": 1957
            }
          },
          "white_best_action_info": {
            "index": 6,
            "name": "6",
            "n_root": 4431,
            "win_flag": false,
            "n": 1328,
            "n_wins": 552,
            "q": 0.41566265060240964,
            "ucb": 0.5746919023937064
          },
          "white_performance_info": {
            "steps": 4431,
            "steps_per_second": 2215.3122349978585,
            "playouts": 4431,
            "playouts_per_second": 2215.3122349978585,
            "times_[ms]": {
              "total": 2000.1695156097412,
              "loop": 2000.1695156097412,
              "reduce_over_actions": 0.0,
              "mean_loop": 0.4514036370141596,
              "mean_select": 0.12648388107806022,
              "mean_expand": 0.15837412821038585,
              "mean_playout": 0.16091586074019845,
              "mean_backup": 0.003600061356792652
            },
            "tree": {
              "initial_n_root": 0,
              "initial_mean_depth": 0.0,
              "initial_max_depth": 0,
              "initial_size": 1,
              "n_root": 4431,
              "mean_depth": 5.751812390158173,
              "max_depth": 8,
              "size": 18208
            }
          }
        },
        "10": {
          "black_best_action_info": {
            "index": 1,
            "name": "1",
            "n_root": 258912,
            "win_flag": false,
            "n": 80672,
            "n_wins": 50302,
            "q": 0.623537286790956,
            "ucb": 0.6483973109462532
          },
          "black_performance_info": {
            "steps": 475,
            "steps_per_second": 473.41304126734286,
            "playouts": 258912,
            "playouts_per_second": 258046.98387496898,
            "times_[ms]": {
              "total": 1003.352165222168,
              "loop": 1000.3271102905273,
              "reduce_over_trees": 0.0,
              "reduce_over_actions": 0.9975433349609375,
              "mean_loop": 2.1059518111379525,
              "mean_select": 0.23172880473889804,
              "mean_expand": 0.7628094522576583,
              "mean_playout": 0.65852867929559,
              "mean_backup": 0.44456582320363897
            },
            "trees": {
              "count": 4,
              "mean_depth": 4.525325428534605,
              "max_depth": 6,
              "mean_size": 1939.75,
              "max_size": 1956
            }
          },
          "white_best_action_info": {
            "index": 1,
            "name": "1",
            "n_root": 5613,
            "win_flag": false,
            "n": 1527,
            "n_wins": 641,
            "q": 0.4197773411918795,
            "ucb": 0.5701563917516627
          },
          "white_performance_info": {
            "steps": 5613,
            "steps_per_second": 2805.6063380080273,
            "playouts": 5613,
            "playouts_per_second": 2805.6063380080273,
            "times_[ms]": {
              "total": 2000.6370544433594,
              "loop": 2000.6370544433594,
              "reduce_over_actions": 0.0,
              "mean_loop": 0.35642919195499007,
              "mean_select": 0.11738608615317278,
              "mean_expand": 0.09225002270468667,
              "mean_playout": 0.14093660021261503,
              "mean_backup": 0.003196796843356974
            },
            "tree": {
              "initial_n_root": 0,
              "initial_mean_depth": 0.0,
              "initial_max_depth": 0,
              "initial_size": 1,
              "n_root": 5613,
              "mean_depth": 5.973344974577577,
              "max_depth": 8,
              "size": 19471
            }
          }
        },
        "11": {
          "black_best_action_info": {
            "index": 5,
            "name": "5",
            "n_root": 230432,
            "win_flag": false,
            "n": 82304,
            "n_wins": 50970,
            "q": 0.6192894634525661,
            "ucb": 0.643786455094137
          },
          "black_performance_info": {
            "steps": 449,
            "steps_per_second": 446.5539263586782,
            "playouts": 230432,
            "playouts_per_second": 229176.64667858114,
            "times_[ms]": {
              "total": 1005.4776668548584,
              "loop": 1002.4738311767578,
              "reduce_over_trees": 0.0,
              "reduce_over_actions": 1.020669937133789,
              "mean_loop": 2.2326811384783025,
              "mean_select": 0.2613168516775016,
              "mean_expand": 0.8224633860428774,
              "mean_playout": 0.6516553245833298,
              "mean_backup": 0.48629849950030013
            },
            "trees": {
              "count": 4,
              "mean_depth": 4.565911730545877,
              "max_depth": 7,
              "mean_size": 1722.0,
              "max_size": 1758
            }
          },
          "white_best_action_info": {
            "index": 6,
            "name": "6",
            "n_root": 6182,
            "win_flag": false,
            "n": 1687,
            "n_wins": 690,
            "q": 0.4090100770598696,
            "ucb": 0.5528782008487824
          },
          "white_performance_info": {
            "steps": 6182,
            "steps_per_second": 3090.0374722582087,
            "playouts": 6182,
            "playouts_per_second": 3090.0374722582087,
            "times_[ms]": {
              "total": 2000.6229877471924,
              "loop": 2000.6229877471924,
              "reduce_over_actions": 0.0,
              "mean_loop": 0.32362067093937114,
              "mean_select": 0.12086553120065453,
              "mean_expand": 0.0858119065535566,
              "mean_playout": 0.11128898732911341,
              "mean_backup": 0.003552367408774656
            },
            "tree": {
              "initial_n_root": 0,
              "initial_mean_depth": 0.0,
              "initial_max_depth": 0,
              "initial_size": 1,
              "n_root": 6182,
              "mean_depth": 6.163134303580322,
              "max_depth": 9,
              "size": 18071
            }
          }
        },
        "12": {
          "black_best_action_info": {
            "index": 0,
            "name": "0",
            "n_root": 183808,
            "win_flag": false,
            "n": 79744,
            "n_wins": 48731,
            "q": 0.6110929975922953,
            "ucb": 0.635751222191923
          },
          "black_performance_info": {
            "steps": 468,
            "steps_per_second": 465.52846055990506,
            "playouts": 183808,
            "playouts_per_second": 182837.29760383553,
            "times_[ms]": {
              "total": 1005.3091049194336,
              "loop": 1001.3327598571777,
              "reduce_over_trees": 0.98419189453125,
              "reduce_over_actions": 0.9975433349609375,
              "mean_loop": 2.1395999142247386,
              "mean_select": 0.2668510135422405,
              "mean_expand": 0.741983580793071,
              "mean_playout": 0.6741565516871265,
              "mean_backup": 0.45034977105947643
            },
            "trees": {
              "count": 4,
              "mean_depth": 5.125913110342176,
              "max_depth": 10,
              "mean_size": 1300.5,
              "max_size": 1344
            }
          },
          "white_best_action_info": {
            "index": 0,
            "name": "0",
            "n_root": 7363,
            "win_flag": false,
            "n": 2616,
            "n_wins": 1136,
            "q": 0.43425076452599387,
            "ucb": 0.5509341801260651
          },
          "white_performance_info": {
            "steps": 7363,
            "steps_per_second": 3680.2040373413197,
            "playouts": 7363,
            "playouts_per_second": 3680.2040373413197,
            "times_[ms]": {
              "total": 2000.704288482666,
              "loop": 2000.704288482666,
              "reduce_over_actions": 0.0,
              "mean_loop": 0.27172406471311505,
              "mean_select": 0.12752317822078282,
              "mean_expand": 0.07096412598592956,
              "mean_playout": 0.06713790121600467,
              "mean_backup": 0.0029817379380671304
            },
            "tree": {
              "initial_n_root": 0,
              "initial_mean_depth": 0.0,
              "initial_max_depth": 0,
              "initial_size": 1,
              "n_root": 7363,
              "mean_depth": 6.955961778147071,
              "max_depth": 11,
              "size": 14442
            }
          }
        },
        "13": {
          "black_best_action_info": {
            "index": 0,
            "name": "0",
            "n_root": 178272,
            "win_flag": false,
            "n": 97984,
            "n_wins": 58749,
            "q": 0.5995774820378837,
            "ucb": 0.6217944457044146
          },
          "black_performance_info": {
            "steps": 443,
            "steps_per_second": 441.95157381071647,
            "playouts": 178272,
            "playouts_per_second": 177850.09247490755,
            "times_[ms]": {
              "total": 1002.3722648620605,
              "loop": 1000.3490447998047,
              "reduce_over_trees": 0.0,
              "reduce_over_actions": 1.0256767272949219,
              "mean_loop": 2.2581242546270985,
              "mean_select": 0.2781343782997562,
              "mean_expand": 0.7673547714612284,
              "mean_playout": 0.6629053679868815,
              "mean_backup": 0.536499389407328
            },
            "trees": {
              "count": 4,
              "mean_depth": 5.12262859378056,
              "max_depth": 9,
              "mean_size": 1278.25,
              "max_size": 1307
            }
          },
          "white_best_action_info": {
            "index": 0,
            "name": "0",
            "n_root": 8746,
            "win_flag": false,
            "n": 2934,
            "n_wins": 1119,
            "q": 0.38139059304703476,
            "ucb": 0.4926292148970981
          },
          "white_performance_info": {
            "steps": 8746,
            "steps_per_second": 4099.759221037112,
            "playouts": 8746,
            "playouts_per_second": 4099.759221037112,
            "times_[ms]": {
              "total": 2133.296012878418,
              "loop": 2133.296012878418,
              "reduce_over_actions": 0.0,
              "mean_loop": 0.24391676342081156,
              "mean_select": 0.12168885912961717,
              "mean_expand": 0.07421774638481497,
              "mean_playout": 0.042081615239511275,
              "mean_backup": 0.0028505549942250386
            },
            "tree": {
              "initial_n_root": 0,
              "initial_mean_depth": 0.0,
              "initial_max_depth": 0,
              "initial_size": 1,
              "n_root": 8746,
              "mean_depth": 6.815588519266216,
              "max_depth": 12,
              "size": 11393
            }
          }
        },
        "14": {
          "black_best_action_info": {
            "index": 3,
            "name": "3",
            "n_root": 111840,
            "win_flag": false,
            "n": 64448,
            "n_wins": 51421,
            "q": 0.7978680486593843,
            "ucb": 0.8247288198256817
          },
          "black_performance_info": {
            "steps": 470,
            "steps_per_second": 468.41405202084826,
            "playouts": 111840,
            "playouts_per_second": 111462.61186810993,
            "times_[ms]": {
              "total": 1003.3857822418213,
              "loop": 1001.3892650604248,
              "reduce_over_trees": 0.0,
              "reduce_over_actions": 0.9973049163818359,
              "mean_loop": 2.130615457575372,
              "mean_select": 0.306876669538782,
              "mean_expand": 0.7281080205389794,
              "mean_playout": 0.6180225534641997,
              "mean_backup": 0.45850784220594043
            },
            "trees": {
              "count": 4,
              "mean_depth": 4.3718120805369125,
              "max_depth": 8,
              "mean_size": 558.75,
              "max_size": 616
            }
          },
          "white_best_action_info": {
            "index": 0,
            "name": "0",
            "n_root": 24426,
            "win_flag": false,
            "n": 8100,
            "n_wins": 471,
            "q": 0.05814814814814815,
            "ucb": 0.12878337322106587
          },
          "white_performance_info": {
            "steps": 24426,
            "steps_per_second": 12202.958164666808,
            "playouts": 24426,
            "playouts_per_second": 12202.958164666808,
            "times_[ms]": {
              "total": 2001.645803451538,
              "loop": 2000.6482601165771,
              "reduce_over_actions": 0.0,
              "mean_loop": 0.08190650373031103,
              "mean_select": 0.07018372983845819,
              "mean_expand": 0.004249582280498127,
              "mean_playout": 0.002650940124441753,
              "mean_backup": 0.0025306180977249363
            },
            "tree": {
              "initial_n_root": 0,
              "initial_mean_depth": 0.0,
              "initial_max_depth": 0,
              "initial_size": 1,
              "n_root": 24426,
              "mean_depth": 6.08511673151751,
              "max_depth": 11,
              "size": 2056
            }
          }
        },
        "15": {
          "black_best_action_info": {
            "index": 0,
            "name": "0",
            "n_root": 73824,
            "win_flag": false,
            "n": 65856,
            "n_wins": 62947,
            "q": 0.9558278668610302,
            "ucb": 0.9819208818284172
          },
          "black_performance_info": {
            "steps": 507,
            "steps_per_second": 505.325222511736,
            "playouts": 73824,
            "playouts_per_second": 73580.13654182722,
            "times_[ms]": {
              "total": 1003.3142566680908,
              "loop": 1001.319169998169,
              "reduce_over_trees": 0.0,
              "reduce_over_actions": 0.9977817535400391,
              "mean_loop": 1.9749885009825818,
              "mean_select": 0.28368660213914376,
              "mean_expand": 0.6766991737561349,
              "mean_playout": 0.5988049554166474,
              "mean_backup": 0.4079294863066965
            },
            "trees": {
              "count": 4,
              "mean_depth": 3.3708133971291865,
              "max_depth": 6,
              "mean_size": 104.5,
              "max_size": 112
            }
          },
          "white_best_action_info": {
            "index": 1,
            "name": "1",
            "n_root": 41305,
            "win_flag": false,
            "n": 15311,
            "n_wins": 179,
            "q": 0.01169094115341911,
            "ucb": 0.06438590190776938
          },
          "white_performance_info": {
            "steps": 41305,
            "steps_per_second": 20645.682594682305,
            "playouts": 41305,
            "playouts_per_second": 20645.682594682305,
            "times_[ms]": {
              "total": 2000.6604194641113,
              "loop": 2000.6604194641113,
              "reduce_over_actions": 0.0,
              "mean_loop": 0.04843627695107399,
              "mean_select": 0.042400226193584925,
              "mean_expand": 0.0013028604183975107,
              "mean_playout": 0.0007238042887064407,
              "mean_backup": 0.0020782042178846766
            },
            "tree": {
              "initial_n_root": 0,
              "initial_mean_depth": 0.0,
              "initial_max_depth": 0,
              "initial_size": 1,
              "n_root": 41305,
              "mean_depth": 5.205240174672489,
              "max_depth": 9,
              "size": 229
            }
          }
        },
        "16": {
          "black_best_action_info": {
            "index": 1,
            "name": "1",
            "n_root": 64256,
            "win_flag": false,
            "n": 62816,
            "n_wins": 62107,
            "q": 0.9887130667345899,
            "ucb": 1.0152640758788276
          },
          "black_performance_info": {
            "steps": 489,
            "steps_per_second": 486.9075174327551,
            "playouts": 64256,
            "playouts_per_second": 63981.04179991639,
            "times_[ms]": {
              "total": 1004.2974948883057,
              "loop": 1001.3542175292969,
              "reduce_over_trees": 0.9484291076660156,
              "reduce_over_actions": 1.0077953338623047,
              "mean_loop": 2.0477591360517318,
              "mean_select": 0.3091674640866145,
              "mean_expand": 0.6821116543011188,
              "mean_playout": 0.5814322177130264,
              "mean_backup": 0.4605959285743885
            },
            "trees": {
              "count": 4,
              "mean_depth": 2.4347826086956523,
              "max_depth": 4,
              "mean_size": 23.0,
              "max_size": 23
            }
          },
          "white_best_action_info": {
            "index": 2,
            "name": "2",
            "n_root": 69399,
            "win_flag": false,
            "n": 34700,
            "n_wins": 45,
            "q": 0.0012968299711815562,
            "ucb": 0.03714413299341224
          },
          "white_performance_info": {
            "steps": 69399,
            "steps_per_second": 34690.04239666925,
            "playouts": 69399,
            "playouts_per_second": 34690.04239666925,
            "times_[ms]": {
              "total": 2000.5452632904053,
              "loop": 2000.5452632904053,
              "reduce_over_actions": 0.0,
              "mean_loop": 0.028826715994328525,
              "mean_select": 0.023174372462659878,
              "mean_expand": 0.0009758640540453657,
              "mean_playout": 0.0005032147407380578,
              "mean_backup": 0.0019537893935193534
            },
            "tree": {
              "initial_n_root": 0,
              "initial_mean_depth": 0.0,
              "initial_max_depth": 0,
              "initial_size": 1,
              "n_root": 69399,
              "mean_depth": 3.0526315789473686,
              "max_depth": 5,
              "size": 19
            }
          }
        },
        "17": {
          "black_best_action_info": {
            "index": 2,
            "name": "2",
            "n_root": 56704,
            "win_flag": true,
            "n": 56320,
            "n_wins": 56320,
            "q": 1.0,
            "ucb": 1.027881649270598
          },
          "black_performance_info": {
            "steps": 441,
            "steps_per_second": 438.6557567625445,
            "playouts": 56704,
            "playouts_per_second": 56402.57603506423,
            "times_[ms]": {
              "total": 1005.3441524505615,
              "loop": 1002.3500919342041,
              "reduce_over_trees": 0.0,
              "reduce_over_actions": 0.9989738464355469,
              "mean_loop": 2.272902702798649,
              "mean_select": 0.3110746137138938,
              "mean_expand": 0.7156439108643132,
              "mean_playout": 0.7852788955446274,
              "mean_backup": 0.44975907894489175
            },
            "trees": {
              "count": 4,
              "mean_depth": 1.2,
              "max_depth": 2,
              "mean_size": 5.0,
              "max_size": 5
            }
          }
        }
      },
      "outcome": 1,
      "outcome_message": "BLACK WINS"
    }
  },
  "stats": {
    "score_a_total": 0.0,
    "score_a_mean": 0.0,
    "score_b_total": 2.0,
    "score_b_mean": 1.0,
    "white_wins_count": 1,
    "white_wins_freq": 0.5,
    "black_wins_count": 1,
    "black_wins_freq": 0.5
  }
}